node,url,rank,label,include
aamu_library,https://aamudigitalcollections.lyrasistechnology.org/,1,collections,
tufts_library,https://dca.tufts.edu/,1,collections,
arizona_library,https://libguides.library.arizona.edu/,1,guides,
auburn_library,https://www.lib.auburn.edu/find/,1,guides,
auraria_library,https://guides.auraria.edu/,1,guides,
savannahstate_library,https://www.savannahstate.edu/library/,0,home,TRUE
savannahstate,https://www.savannahstate.edu/,0,home,
aamu_library,https://alabamam.ent.sirsi.net/client/en_US/default,0,home,TRUE
asurams_library,https://www.asurams.edu/academic-affairs/library/index.php,0,home,TRUE
auc_library,https://www.auctr.edu/,0,home,TRUE
bowiestate_library,https://www.bowiestate.edu/library/,0,home,TRUE
desu_library,https://www.desu.edu/academics/library,0,home,TRUE
dillard_library,http://www.dillard.edu/_academics/library/index.php,0,home,TRUE
famu_library,https://library.famu.edu/index,0,home,TRUE
gram_library,https://www.gram.edu/library/,0,home,TRUE
howard_library,http://library.howard.edu/library/,0,home,TRUE
jsums_library,http://sampson.jsums.edu/screens/OPAC.html,0,home,TRUE
morgan_library,https://library.morgan.edu/home,0,home,TRUE
ncat_library,http://www.library.ncat.edu/,0,home,TRUE
nccu_library,https://www.nccu.edu/library,0,home,TRUE
nsu_library,https://library.nsu.edu/,0,home,TRUE
pvamu_library,http://www.pvamu.edu/library/,0,home,TRUE
subr_library,http://www.subr.edu/page/2441,0,home,TRUE
tnstate_library,http://www.tnstate.edu/library/,0,home,TRUE
tsu_library,http://www.tsu.edu/academics/library/,0,home,TRUE
uncfsu_library,https://www.uncfsu.edu/library,0,home,TRUE
wssu_library,https://www.wssu.edu/academics/cg-okelly-library/index.html,0,home,TRUE
acpl,https://acpl-cms.wise.oclc.org/,0,home,TRUE
acrl,http://www.ala.org/acrl/,0,home,TRUE
adlerplanetarium,https://www.adlerplanetarium.org/,0,home,TRUE
afit_library,https://www.afit.edu/LIBRARY/,0,home,TRUE
afpls,http://afpls.org/,0,home,TRUE
aic,https://www.artic.edu/,0,home,TRUE
aic_library,https://www.artic.edu/library,0,home,TRUE
albany_library,https://library.albany.edu/,0,home,TRUE
alcts,http://www.ala.org/alcts/,0,home,TRUE
american_library,https://www.american.edu/library/,0,home,TRUE
amphilsoc,http://www.amphilsoc.org/,0,home,TRUE
anahuac_library,https://www.anahuac.mx/mexico/biblioteca/,0,home,TRUE
anchoragelibrary,http://www.anchoragelibrary.org/,0,home,TRUE
apu_library,https://www.apu.edu/library/,0,home,TRUE
archives,https://www.archives.gov/,0,home,TRUE
arl,https://www.arl.org/,0,home,TRUE
astate_library,https://www.astate.edu/a/library/,0,home,TRUE
asu_library,https://lib.asu.edu/,0,home,TRUE
auburn_library,https://www.lib.auburn.edu/,0,home,TRUE
auraria_library,https://library.auraria.edu/,0,home,TRUE
bac-lac,https://www.bac-lac.gc.ca/,0,home,TRUE
baylor_library,https://www.baylor.edu/lib/,0,home,TRUE
bc_library,https://library.bc.edu/,0,home,TRUE
bgsu_library,https://www.bgsu.edu/library.html,0,home,TRUE
binghamton_library,https://www.binghamton.edu/libraries/,0,home,TRUE
bklynlibrary,https://www.bklynlibrary.org/,0,home,TRUE
boisestate_library,https://library.boisestate.edu/,0,home,TRUE
bpl,https://www.bpl.org/,0,home,TRUE
bplonline,http://www.bplonline.org/,0,home,TRUE
brandeis_library,https://www.brandeis.edu/library/,0,home,TRUE
broward_library,https://www.broward.org/Library/,0,home,TRUE
brown_library,https://library.brown.edu/,0,home,TRUE
bsu_library,https://www.bsu.edu/academics/libraries,0,home,TRUE
buap_library,https://bibliotecas.buap.mx/,0,home,TRUE
buffalo_library,https://library.buffalo.edu/,0,home,TRUE
byu_library,https://lib.byu.edu/,0,home,TRUE
ca_library,https://www.library.ca.gov/,0,home,TRUE
caltech_library,https://www.library.caltech.edu/,0,home,TRUE
camden_library,https://www.camden.rutgers.edu/academics/libraries,0,home,TRUE
case_library,http://library.case.edu/,0,home,TRUE
catholic_library,https://libraries.catholic.edu/,0,home,TRUE
chapman_library,https://www.chapman.edu/library/,0,home,TRUE
chicagohistory,https://www.chicagohistory.org/,0,home,TRUE
chipublib,https://www.chipublib.org/,0,home,TRUE
cincinnatilibrary,https://www.cincinnatilibrary.org/,0,home,TRUE
claremont_library,https://library.claremont.edu/,0,home,TRUE
clarkson_library,https://www.clarkson.edu/university-libraries,0,home,TRUE
clarku_library,http://www2.clarku.edu/research/goddard/,0,home,TRUE
clemson_library,https://libraries.clemson.edu/,0,home,TRUE
cmich_library,https://www.cmich.edu/library/,0,home,TRUE
cmu_library,https://www.library.cmu.edu/,0,home,TRUE
colorado_library,https://www.colorado.edu/libraries/,0,home,TRUE
colostate_library,https://lib.colostate.edu/,0,home,TRUE
colpos_library,http://www.biblio.colpos.mx/,0,home,TRUE
colum_library,https://library.colum.edu/,0,home,TRUE
columbia_library,https://library.columbia.edu/,0,home,TRUE
columbia_tc_library,https://library.tc.columbia.edu/,0,home,TRUE
cornell_library,https://www.library.cornell.edu/,0,home,TRUE
cpl,https://cpl.org/,0,home,TRUE
csuohio_library,https://library.csuohio.edu/,0,home,TRUE
cuny_library,https://www.cuny.edu/libraries/,0,home,TRUE
cuyahogalibrary,https://www.cuyahogalibrary.org/,0,home,TRUE
dallas_library,http://dallaslibrary2.org/,0,home,TRUE
dartmouth_library,https://www.library.dartmouth.edu/,0,home,TRUE
daytonmetrolibrary,http://www.daytonmetrolibrary.org/,0,home,TRUE
depaul_library,https://library.depaul.edu/,0,home,TRUE
detroitpubliclibrary,https://detroitpubliclibrary.org/,0,home,TRUE
drexel_library,https://www.library.drexel.edu/,0,home,TRUE
du_library,https://library.du.edu/,0,home,TRUE
duke_library,https://library.duke.edu/,0,home,TRUE
duq_library,https://www.duq.edu/academics/gumberg-library,0,home,TRUE
dusablemuseum,https://www.dusablemuseum.org/,0,home,TRUE
ecu_library,https://library.ecu.edu/,0,home,TRUE
emich_library,https://www.emich.edu/library/,0,home,TRUE
esf_library,https://www.esf.edu/moonlib/,0,home,TRUE
etsu_library,https://libraries.etsu.edu/,0,home,TRUE
fau_library,https://library.fau.edu/,0,home,TRUE
fieldmuseum,https://www.fieldmuseum.org/,0,home,TRUE
fit_library,https://lib.fit.edu/,0,home,TRUE
fiu_library,https://libraries.fiu.edu/,0,home,TRUE
folger,http://www.folger.edu,0,home,TRUE
fordham_library,https://www.fordham.edu/info/27156/libraries,0,home,TRUE
fsu_library,https://www.lib.fsu.edu/,0,home,TRUE
gallaudet_library,https://www.gallaudet.edu/library,0,home,TRUE
gatech_library,http://library.gatech.edu/,0,home,TRUE
georgetown_library,https://www.library.georgetown.edu/,0,home,TRUE
georgiasouthern_library,https://library.georgiasouthern.edu/,0,home,TRUE
getty_library,https://www.getty.edu/research/library/,0,home,TRUE
gmu_library,https://library.gmu.edu/,0,home,TRUE
gsu_library,https://library.gsu.edu/,0,home,TRUE
gwla,https://www.gwla.org/,0,home,TRUE
gwu_library,https://library.gwu.edu/,0,home,TRUE
hab,http://www.hab.de,0,home,TRUE
hamptonu_library,http://lib.hamptonu.edu/,0,home,TRUE
harvard_library,https://library.harvard.edu/,0,home,TRUE
hawaii_library,http://manoa.hawaii.edu/library/,0,home,TRUE
hbculibraries,http://hbculibraries.org/,0,home,TRUE
hclib,https://www.hclib.org/,0,home,TRUE
houstonlibrary,https://houstonlibrary.org/,0,home,TRUE
hsp,http://www.hsp.org/,0,home,TRUE
huntington,http://www.huntington.org,0,home,TRUE
iastate_library,http://www.lib.iastate.edu/,0,home,TRUE
iit_library,https://library.iit.edu/,0,home,TRUE
illinois_library,https://library.illinois.edu/,0,home,TRUE
illinoisstate_library,https://library.illinoisstate.edu/,0,home,TRUE
indiana_library,https://libraries.indiana.edu/,0,home,TRUE
ipn_library,https://www.ipn.mx/biblioteca/,0,home,TRUE
isu_library,https://www.isu.edu/library/,0,home,TRUE
iupui_library,http://www.ulib.iupui.edu/,0,home,TRUE
jcbl,http://www.jcbl.org,0,home,TRUE
jefferson_library,http://library.jefferson.edu/,0,home,TRUE
jhu_library,https://www.library.jhu.edu/,0,home,TRUE
k-state_library,https://www.lib.k-state.edu/,0,home,TRUE
kcls,https://kcls.org/,0,home,TRUE
kennesaw_library,https://library.kennesaw.edu/,0,home,TRUE
kent_library,https://www.library.kent.edu/,0,home,TRUE
ku_library,https://lib.ku.edu/,0,home,TRUE
lacountylibrary,https://lacountylibrary.org/,0,home,TRUE
lapl,https://www.lapl.org/,0,home,TRUE
latech_library,https://www.latech.edu/library/,0,home,TRUE
lehigh_library,https://library.lehigh.edu/,0,home,TRUE
librarieshawaii,https://www.librarieshawaii.org/,0,home,TRUE
librarycompany,http://www.librarycompany.org,0,home,TRUE
lindahall,http://www.lindahall.org,0,home,TRUE
lmu_library,https://library.lmu.edu/,0,home,TRUE
loc,http://www.loc.gov/,0,home,TRUE
louisiana_library,https://library.louisiana.edu/,0,home,TRUE
louisville_library,http://louisville.edu/library/,0,home,TRUE
lsu_library,https://www.lib.lsu.edu/,0,home,TRUE
luc_library,http://libraries.luc.edu/,0,home,TRUE
luma,https://www.luc.edu/luma/,0,home,TRUE
lvccld,https://lvccld.org/,0,home,TRUE
marquette_library,https://www.marquette.edu/library/,0,home,TRUE
marshall_library,http://www.marshall.edu/library/,0,home,TRUE
masshist,http://www.masshist.org,0,home,TRUE
mcachicago,https://mcachicago.org/,0,home,TRUE
mcgill_library,http://www.mcgill.ca/library/,0,home,TRUE
mcmaster_library,http://www.mcmaster.ca/library/,0,home,TRUE
mdpls,https://www.mdpls.org/,0,home,TRUE
memphis_library,https://www.memphis.edu/libraries/,0,home,TRUE
mercer_library,https://libraries.mercer.edu/,0,home,TRUE
metmuseum,https://www.metmuseum.org/,0,home,TRUE
metmuseum_library,https://www.metmuseum.org/art/libraries-and-research-centers,0,home,TRUE
miami_library,https://www.library.miami.edu/,0,home,TRUE
miamioh_library,https://www.lib.miamioh.edu/,0,home,TRUE
mines_library,https://library.mines.edu/,0,home,TRUE
missouri_library,http://library.missouri.edu/,0,home,TRUE
mit_library,https://libraries.mit.edu/,0,home,TRUE
mocp,https://www.mocp.org/,0,home,TRUE
moma,https://www.moma.org/,0,home,TRUE
moma_library,https://www.moma.org/research-and-learning/library/,0,home,TRUE
montana_library,https://www.lib.montana.edu/,0,home,TRUE
montclair_library,https://www.montclair.edu/library/,0,home,TRUE
morganlibrary,http://www.morganlibrary.org,0,home,TRUE
msichicago,https://www.msichicago.org/,0,home,TRUE
msstate_library,http://lib.msstate.edu/,0,home,TRUE
mst_library,https://library.mst.edu/,0,home,TRUE
msu_library,https://lib.msu.edu/,0,home,TRUE
mtu_library,https://www.mtu.edu/library/,0,home,TRUE
nal,http://www.nal.usda.gov/,0,home,TRUE
nationalmuseumofmexicanart,http://nationalmuseumofmexicanart.org/,0,home,TRUE
naturemuseum,https://naturemuseum.org/,0,home,TRUE
nau_library,https://nau.edu/library/,0,home,TRUE
ncsu_library,https://www.lib.ncsu.edu/,0,home,TRUE
nd_library,https://library.nd.edu/,0,home,TRUE
ndsu_library,https://library.ndsu.edu/,0,home,TRUE
newark_library,https://www.newark.rutgers.edu/libraries,0,home,TRUE
newberry,http://www.newberry.org,0,home,TRUE
newschool_library,https://library.newschool.edu/,0,home,TRUE
niu_library,https://www.niu.edu/ulib/,0,home,TRUE
njit_library,https://library.njit.edu/,0,home,TRUE
nlm,http://www.nlm.nih.gov/,0,home,TRUE
nmsu_library,https://library.nmsu.edu/,0,home,TRUE
northeastern_library,https://library.northeastern.edu/,0,home,TRUE
nova_library,https://sherman.library.nova.edu/,0,home,TRUE
nw_library,https://www.library.northwestern.edu/,0,home,TRUE
nyam,http://www.nyam.org,0,home,TRUE
nyhistory,http://www.nyhistory.org,0,home,TRUE
nysl,http://www.nysl.nysed.gov/,0,home,TRUE
nyu_library,http://library.nyu.edu/,0,home,TRUE
oakland_library,https://library.oakland.edu/,0,home,TRUE
odu_library,https://www.odu.edu/library,0,home,TRUE
ohio_library,https://www.ohio.edu/library/,0,home,TRUE
oi,https://oi.uchicago.edu/,0,home,TRUE
okstate_library,https://library.okstate.edu/,0,home,TRUE
olemiss_library,https://libraries.olemiss.edu/,0,home,TRUE
oregonstate_library,https://library.oregonstate.edu/,0,home,TRUE
osu_library,https://library.osu.edu/,0,home,TRUE
ou_library,https://libraries.ou.edu/,0,home,TRUE
pdx_library,https://library.pdx.edu/,0,home,TRUE
phoenixpubliclibrary,https://www.phoenixpubliclibrary.org/,0,home,TRUE
pitt_library,https://www.library.pitt.edu/,0,home,TRUE
princeton_library,http://library.princeton.edu/,0,home,TRUE
psu_library,https://libraries.psu.edu/,0,home,TRUE
purdue_library,https://www.lib.purdue.edu/,0,home,TRUE
queenslibrary,https://www.queenslibrary.org/,0,home,TRUE
queensu_library,http://library.queensu.ca/,0,home,TRUE
rice_library,https://library.rice.edu/,0,home,TRUE
rit_library,https://library.rit.edu/,0,home,TRUE
rochester_library,https://library.rochester.edu/,0,home,TRUE
rockefeller_library,https://www.rockefeller.edu/markus-library/,0,home,TRUE
rowan_library,https://www.lib.rowan.edu/,0,home,TRUE
rpi_library,https://library.rpi.edu/,0,home,TRUE
rutgers_library,https://www.libraries.rutgers.edu/,0,home,TRUE
sandiego_library,https://www.sandiego.edu/library/,0,home,TRUE
sc_library,http://library.sc.edu/,0,home,TRUE
scsb_library,https://www.library.ucsb.edu/,0,home,TRUE
sdstate_library,https://www.sdstate.edu/hilton-m-briggs-library,0,home,TRUE
sdsu_library,https://library.sdsu.edu/,0,home,TRUE
sfpl,https://sfpl.org/,0,home,TRUE
sfu_library,https://www.lib.sfu.ca/,0,home,TRUE
shu_library,https://library.shu.edu/library,0,home,TRUE
sil,http://www.sil.si.edu/,0,home,TRUE
siu_library,https://lib.siu.edu/,0,home,TRUE
slpl,https://www.slpl.org/,0,home,TRUE
slu_library,http://lib.slu.edu/,0,home,TRUE
smartmuseum,https://smartmuseum.uchicago.edu/,0,home,TRUE
smu_library,https://www.smu.edu/libraries,0,home,TRUE
southalabama_library,https://www.southalabama.edu/libraries/,0,home,TRUE
sparc,https://sparcopen.org/,0,home,TRUE
stanford_library,https://library.stanford.edu/,0,home,TRUE
stevens_library,https://library.stevens.edu/,0,home,TRUE
stonybrook_library,http://www.library.stonybrook.edu/,0,home,TRUE
syr_library,https://library.syr.edu/,0,home,TRUE
tamu_library,https://library.tamu.edu/,0,home,TRUE
tamucc_library,https://library.tamucc.edu/,0,home,TRUE
tamuk_library,http://lib.tamuk.edu/,0,home,TRUE
tcu_library,https://library.tcu.edu/,0,home,TRUE
tec_library,https://biblioteca.tec.mx/,0,home,TRUE
temple_library,https://library.temple.edu/,0,home,TRUE
tntech_library,https://www.tntech.edu/library/,0,home,TRUE
tsl,https://www.tsl.texas.gov/,0,home,TRUE
ttu_library,https://library.ttu.edu/,0,home,TRUE
tufts_library,https://tischlibrary.tufts.edu/use-library/,0,home,TRUE
tulane_library,https://library.tulane.edu/,0,home,TRUE
txstate_library,https://www.library.txstate.edu/,0,home,TRUE
ua_library,https://www.lib.ua.edu/,0,home,TRUE
uab_library,https://library.uab.edu/,0,home,TRUE
uaf_library,http://library.uaf.edu/,0,home,TRUE
uah_library,https://www.uah.edu/library,0,home,TRUE
uakron_library,https://www.uakron.edu/libraries/,0,home,TRUE
ualberta_library,https://www.library.ualberta.ca/,0,home,TRUE
ualr_library,https://ualr.edu/library/,0,home,TRUE
uanl_library,https://www.dgb.uanl.mx/,0,home,TRUE
uark_library,https://libraries.uark.edu/,0,home,TRUE
uaslp_library,http://bibliotecas.uaslp.mx/,0,home,TRUE
ubc_library,http://www.library.ubc.ca/,0,home,TRUE
uc_library,https://www.libraries.uc.edu/,0,home,TRUE
ucalgary_library,https://library.ucalgary.ca/,0,home,TRUE
uccs_library,https://www.uccs.edu/library/,0,home,TRUE
ucdavis_library,https://www.library.ucdavis.edu/,0,home,TRUE
ucf_library,https://library.ucf.edu/,0,home,TRUE
uchicago_library,https://www.lib.uchicago.edu/,0,home,TRUE
uci_library,https://lib.uci.edu/,0,home,TRUE
ucla_library,http://www.library.ucla.edu/,0,home,TRUE
ucmerced_library,http://library.ucmerced.edu/,0,home,TRUE
uconn_library,https://lib.uconn.edu/,0,home,TRUE
ucr_library,https://library.ucr.edu/,0,home,TRUE
ucsc_library,https://library.ucsc.edu/,0,home,TRUE
ucsd_library,https://library.ucsd.edu/,0,home,TRUE
udayton_library,https://udayton.edu/libraries/,0,home,TRUE
udel_library,https://library.udel.edu/,0,home,TRUE
udg_library,https://wdg.biblio.udg.mx/,0,home,TRUE
ufl_library,http://library.ufl.edu/,0,home,TRUE
uga_library,https://www.libs.uga.edu/,0,home,TRUE
uh_library,https://libraries.uh.edu/,0,home,TRUE
uic_library,https://library.uic.edu/,0,home,TRUE
uidaho_library,https://www.lib.uidaho.edu/,0,home,TRUE
uiowa_library,https://www.lib.uiowa.edu/,0,home,TRUE
uky_library,http://libraries.uky.edu/,0,home,TRUE
ulaval_library,http://www.bibl.ulaval.ca/,0,home,TRUE
umaine_library,https://library.umaine.edu/,0,home,TRUE
umanitoba_library,http://www.umanitoba.ca/libraries/,0,home,TRUE
umass_library,https://www.library.umass.edu/,0,home,TRUE
umassd_library,https://www.lib.umassd.edu/,0,home,TRUE
umb_library,https://www.umb.edu/library,0,home,TRUE
umbc_library,https://library.umbc.edu/,0,home,TRUE
umd_library,https://www.lib.umd.edu/,0,home,TRUE
umes_library,https://www.umes.edu/FDL/,0,home,TRUE
umich_library,https://www.lib.umich.edu/,0,home,TRUE
umkc_library,https://library.umkc.edu/,0,home,TRUE
uml_library,https://www.uml.edu/library/,0,home,TRUE
umn_library,https://www.lib.umn.edu/,0,home,TRUE
umsl_library,https://www.umsl.edu/~libweb/,0,home,TRUE
unam_library,http://www.bibliotecas.unam.mx/,0,home,TRUE
unc_library,https://library.unc.edu/,0,home,TRUE
uncc_library,https://library.uncc.edu/,0,home,TRUE
uncg_library,https://library.uncg.edu/,0,home,TRUE
uncw_library,https://library.uncw.edu/,0,home,TRUE
und_library,https://library.und.edu/,0,home,TRUE
une_library,https://library.une.edu/,0,home,TRUE
unh_library,https://www.library.unh.edu/,0,home,TRUE
unl_library,https://libraries.unl.edu/,0,home,TRUE
unlv_library,https://www.library.unlv.edu/,0,home,TRUE
unm_library,https://library.unm.edu/,0,home,TRUE
uno_library,http://libguides.uno.edu/home/,0,home,TRUE
unomaha_library,https://www.unomaha.edu/criss-library/,0,home,TRUE
unr_library,https://library.unr.edu/,0,home,TRUE
unt_library,https://library.unt.edu/,0,home,TRUE
uoguelph_library,https://www.lib.uoguelph.ca/,0,home,TRUE
uoregon_library,https://library.uoregon.edu/,0,home,TRUE
uottawa_library,http://www.biblio.uottawa.ca/,0,home,TRUE
upenn_library,https://www.library.upenn.edu/,0,home,TRUE
upr_library,https://www.upr.edu/biblioteca-rrp/,0,home,TRUE
uri_library,https://web.uri.edu/library/,0,home,TRUE
usask_library,http://library.usask.ca/,0,home,TRUE
usc_library,https://libraries.usc.edu/,0,home,TRUE
usd_library,https://www.usd.edu/library,0,home,TRUE
usf_library,https://lib.usf.edu/,0,home,TRUE
usm_library,http://www.lib.usm.edu/,0,home,TRUE
usu_library,https://library.usu.edu/,0,home,TRUE
uta_library,https://libraries.uta.edu/,0,home,TRUE
utah_library,https://lib.utah.edu/,0,home,TRUE
utdallas_library,https://www.utdallas.edu/library/,0,home,TRUE
utep_library,https://www.utep.edu/library/,0,home,TRUE
utexas_library,https://www.lib.utexas.edu/,0,home,TRUE
utk_library,https://www.lib.utk.edu/,0,home,TRUE
utoledo_library,https://www.utoledo.edu/library/,0,home,TRUE
utoronto_library,http://www.library.utoronto.ca/,0,home,TRUE
utrgv_library,https://www.utrgv.edu/library/,0,home,TRUE
utsa_library,https://lib.utsa.edu/,0,home,TRUE
utulsa_library,https://library.utulsa.edu/,0,home,TRUE
uvm_library,https://library.uvm.edu/,0,home,TRUE
uwaterloo_library,http://www.lib.uwaterloo.ca/,0,home,TRUE
uwm_library,https://uwm.edu/libraries/,0,home,TRUE
uwo_library,http://www.lib.uwo.ca/,0,home,TRUE
uwyo_library,http://www.uwyo.edu/libraries/,0,home,TRUE
vahistorical,http://www.vahistorical.org,0,home,TRUE
vanderbilt_library,https://www.library.vanderbilt.edu/,0,home,TRUE
vcu_library,https://www.library.vcu.edu/,0,home,TRUE
villanova_library,https://library.villanova.edu/,0,home,TRUE
virginia_library,https://www.library.virginia.edu/,0,home,TRUE
vt_library,https://lib.vt.edu/,0,home,TRUE
washington_library,http://www.lib.washington.edu/,0,home,TRUE
wayne_library,https://library.wayne.edu/,0,home,TRUE
wfu_library,https://zsr.wfu.edu/,0,home,TRUE
wichita_library,https://libraries.wichita.edu/,0,home,TRUE
winterthur,http://www.winterthur.org,0,home,TRUE
wisc_library,https://www.library.wisc.edu/,0,home,TRUE
wm_library,https://libraries.wm.edu/,0,home,TRUE
wmich_library,https://wmich.edu/library,0,home,TRUE
wpi_library,https://www.wpi.edu/library,0,home,TRUE
wright_library,https://www.libraries.wright.edu/,0,home,TRUE
wsu_library,https://libraries.wsu.edu/,0,home,TRUE
wustl_library,https://library.wustl.edu/,0,home,TRUE
wvu_library,https://library.wvu.edu/,0,home,TRUE
yale_library,https://web.library.yale.edu/,0,home,TRUE
yorku_library,http://www.library.yorku.ca/,0,home,TRUE
yu_library,https://library.yu.edu/,0,home,TRUE
famu_library,https://library.famu.edu/srch.php,1,home,
aamu,https://www.aamu.edu/,0,home,
afit,https://www.afit.edu/EN/,0,home,
albany,https://www.albany.edu/,0,home,
american,https://american.edu/,0,home,
americanantiquarian,https://www.americanantiquarian.org,1,home,
anahuac,https://www.anahuac.mx/,0,home,
apu,https://www.apu.edu/,0,home,
arizona,https://www.arizona.edu/,0,home,
arizona_library,https://new.library.arizona.edu/,1,home,
astate,https://www.astate.edu/,0,home,
asu,https://www.asu.edu/,0,home,
asu,http://asu.edu/lib/,1,home,
asu_phoenix,https://www.asu.edu/about/colleges-and-schools/downtown-phoenix,0,home,
asurams,https://www.asurams.edu/,0,home,
auburn,http://www.auburn.edu/,0,home,
auraria,https://www.ahec.edu/,0,home,
baylor,https://www.baylor.edu/,0,home,
bc,https://www.bc.edu/,0,home,
berkeley,https://www.berkeley.edu/,0,home,
berkeley_library,https://www.lib.berkeley.edu/,1,home,
bgsu,https://www.bgsu.edu/,0,home,
binghamton,https://www.binghamton.edu/,0,home,
boisestate,https://www.boisestate.edu/,0,home,
bowiestate,https://www.bowiestate.edu/,1,home,
brandeis,https://www.brandeis.edu/,0,home,
brown,https://www.brown.edu/,0,home,
bsu,https://www.bsu.edu/,0,home,
bu,https://www.bu.edu/,0,home,
bu_library,https://www.bu.edu/library/,1,home,
buap,https://www.buap.mx/,0,home,
buffalo,http://www.buffalo.edu/,0,home,
byu,https://www.byu.edu/,0,home,
caltech,https://www.caltech.edu/,0,home,
camden,https://camden.rutgers.edu/new/,0,home,
carli,https://www.carli.illinois.edu/,0,home,
case,https://case.edu/,0,home,
catholic,https://www.catholic.edu/,0,home,
cau,https://www.cau.edu/,0,home,
cca,https://www.cca.qc.ca,1,home,
cgu,https://www.cgu.edu/,0,home,
chapman,https://www.chapman.edu/,0,home,
claremont,https://www.claremont.edu/,0,home,
clarkson,https://www.clarkson.edu/,0,home,
clarku,https://www.clarku.edu/,0,home,
clemson,http://www.clemson.edu/,0,home,
cmich,https://www.cmich.edu/,0,home,
cmu,https://www.cmu.edu/,0,home,
colorado,https://www.cu.edu/,1,home,
colorado_library,http://ucblibraries.colorado.edu,1,home,
colorado_library,http://www.colorado.edu/AcademicLife/Libraries.html,1,home,
colorado_library,http://www.colorado.edu/Academics/Libraries.html,1,home,
colostate,https://www.colostate.edu/,0,home,
colpos,https://www.colpos.mx/,0,home,
colum,https://www.colum.edu/,0,home,
columbia,https://www.columbia.edu/,0,home,
columbia_tc,https://www.tc.columbia.edu/,0,home,
cornell,https://www.cornell.edu/,0,home,
cornell_library,https://digital.library.cornell.edu/,1,home,
crl,https://www.crl.edu/,1,home,
csuohio,https://www.csuohio.edu/,0,home,
cuny,https://www.cuny.edu/,0,home,
cuny_ccny,https://www.ccny.cuny.edu/,0,home,
cuny_gc,https://www.gc.cuny.edu/,0,home,
dartmouth,https://home.dartmouth.edu/,0,home,
depaul,https://www.depaul.edu/,0,home,
desu,https://www.desu.edu/,0,home,
dillard,http://www.dillard.edu/,0,home,
drexel,https://drexel.edu/,0,home,
du,https://www.du.edu/,0,home,
duke,https://www.duke.edu/,0,home,
duq,https://www.duq.edu/,0,home,
ecu,https://www.ecu.edu/,0,home,
emich,https://www.emich.edu/,0,home,
emory,http://www.emory.edu/,0,home,
emory_library,https://web.library.emory.edu/,1,home,
esf,https://www.esf.edu/,0,home,
etsu,https://www.etsu.edu/,0,home,
famu,http://www.famu.edu/,0,home,
famu_library,https://famu.catalog.fcla.edu/am.jsp,1,home,
fau,https://www.fau.edu/,0,home,
fit,https://www.fit.edu/,0,home,
fiu,https://www.fiu.edu/,0,home,
fordham,https://www.fordham.edu/,0,home,
fsu,https://www.fsu.edu/,0,home,
gallaudet,https://www.gallaudet.edu/,0,home,
gatech,https://www.gatech.edu/,0,home,
gatech_library,https://www.library.gatech.edu/,1,home,
georgetown,https://www.georgetown.edu/,0,home,
georgiasouthern,https://www.georgiasouthern.edu/,0,home,
getty,https://www.getty.edu/research/,1,home,
getty,http://archives2.getty.edu:8082/xtf/search,1,home,
getty,https://www.getty.edu/research/tools/vocabularies/tgn/,1,home,
getty,https://www.getty.edu/research/tools/vocabularies/ulan/,1,home,
gmu,https://www2.gmu.edu/,0,home,
gram,http://www.gram.edu/,0,home,
gsu,https://www.gsu.edu/,0,home,
gwu,https://www.gwu.edu/,0,home,
hagley,https://www.hagley.org,0,home,
hagley,https://www.hagley.org/,1,home,
hamptonu,http://www.hamptonu.edu/,0,home,
harvard,https://www.harvard.edu/,0,home,
hawaii,https://www.hawaii.edu/,0,home,
howard,https://www2.howard.edu/,0,home,
iastate,https://www.iastate.edu/,0,home,
iit,https://www.iit.edu/,0,home,
illinois,https://illinois.edu/,0,home,
illinois_library,https://digital.library.illinois.edu/,1,home,
illinoisstate,https://illinoisstate.edu/,0,home,
indiana,https://www.indiana.edu/,0,home,
ipn,https://www.ipn.mx/,0,home,
isu,https://www.isu.edu,0,home,
iupui,https://www.iupui.edu/,0,home,
jefferson,https://www.jefferson.edu/,0,home,
jhu,https://www.jhu.edu/,0,home,
jsums,http://www.jsums.edu/,0,home,
k-state,https://www.k-state.edu/,0,home,
kennesaw,https://kennesaw.edu/,0,home,
kent,https://www.kent.edu/,0,home,
ku,https://ku.edu/,0,home,
latech,https://www.latech.edu/,0,home,
lehigh,https://www1.lehigh.edu/,0,home,
lmu,https://www.lmu.edu/,0,home,
louisiana,https://louisiana.edu/,0,home,
louisville,http://louisville.edu/,0,home,
lsu,https://www.lsu.edu/,0,home,
luc,https://www.luc.edu/,0,home,
marquette,https://www.marquette.edu/,0,home,
marshall,http://www.marshall.edu/,0,home,
mcgill,https://www.mcgill.ca/,0,home,
mcmaster,https://www.mcmaster.ca/,0,home,
memphis,https://www.memphis.edu/,0,home,
mercer,https://www.mercer.edu/,0,home,
miami,https://welcome.miami.edu/,0,home,
miamioh,https://miamioh.edu/,0,home,
mines,https://www.mines.edu/,0,home,
missouri,https://missouri.edu/,0,home,
mit,http://www.mit.edu/,0,home,
montana,https://www.montana.edu/,0,home,
montclair,https://www.montclair.edu/,0,home,
morehouse,https://www.morehouse.edu/,0,home,
morgan,https://www.morgan.edu,0,home,
msstate,https://www.msstate.edu/,0,home,
mst,https://www.mst.edu/,0,home,
msu,https://msu.edu/,0,home,
mtu,https://www.mtu.edu/,0,home,
nau,https://nau.edu/,0,home,
ncat,http://www.ncat.edu/,0,home,
nccu,http://www.nccu.edu/,0,home,
ncsu,https://www.ncsu.edu/,0,home,
nd,https://www.nd.edu/,0,home,
ndsu,https://www.ndsu.edu/,0,home,
newark,https://www.newark.rutgers.edu/,0,home,
newschool,https://www.newschool.edu/,0,home,
niu,https://www.niu.edu/,0,home,
njit,https://www.njit.edu/,0,home,
nmsu,https://www.nmsu.edu/,0,home,
northeastern,https://www.northeastern.edu/,0,home,
nova,https://www.nova.edu/,0,home,
nsu,http://www.nsu.edu/,0,home,
nw,https://www.northwestern.edu/,0,home,
nw,https://images.northwestern.edu/,1,home,
nypl,http://www.nypl.org/,0,home,
nypl,https://digitalcollections.nypl.org/,1,home,
nyu,https://www.nyu.edu/,0,home,
oakland,https://oakland.edu/,0,home,
odu,https://www.odu.edu/,0,home,
ohio,https://www.ohio.edu/,0,home,
ohio_library,https://www.library.ohio.edu/,1,home,
okstate,https://www.okstate.edu/,0,home,
olemiss,https://olemiss.edu/,0,home,
oregonstate,https://oregonstate.edu/,0,home,
osu,https://www.osu.edu/,0,home,
osu_library,https://library.osu.edu/dc,2,home,
ou,https://www.ou.edu/,0,home,
pdx,https://www.pdx.edu/,0,home,
pitt,https://www.pitt.edu/,0,home,
pitt_library,https://www.library.pitt.edu/db/all,1,home,
pitt_library,https://www.library.pitt.edu/subject_specialists,1,home,
princeton,https://www.princeton.edu/,0,home,
princeton_library,https://dpul.princeton.edu/,1,home,
psu,https://www.psu.edu/,0,home,
purdue,https://www.purdue.edu/,0,home,
pvamu,http://www.pvamu.edu/,0,home,
queensu,https://www.queensu.ca/,0,home,
rice,https://www.rice.edu/,0,home,
rit,https://www.rit.edu/,0,home,
rochester,https://www.rochester.edu/,0,home,
rockefeller,https://www.rockefeller.edu/,0,home,
rowan,https://www.rowan.edu/,0,home,
rpi,https://www.rpi.edu/,0,home,
rutgers,https://www.rutgers.edu/,0,home,
sandiego,https://www.sandiego.edu/,0,home,
sc,https://www.sc.edu/,0,home,
scsb,https://www.ucsb.edu/,0,home,
sdstate,https://www.sdstate.edu/,0,home,
sdsu,https://www.sdsu.edu/,0,home,
sfu,https://www.sfu.ca/,0,home,
shu,https://www.shu.edu/,0,home,
siu,https://siu.edu/,0,home,
slu,https://www.slu.edu/,0,home,
smu,https://www.smu.edu/,0,home,
southalabama,https://www.southalabama.edu/,0,home,
spelman,https://www.spelman.edu/,0,home,
stanford,https://www.stanford.edu/,0,home,
stevens,https://www.stevens.edu/,0,home,
stonybrook,https://www.stonybrook.edu/,0,home,
subr,http://www.subr.edu/,0,home,
syr,https://www.syracuse.edu/,0,home,
tamu,https://www.tamu.edu/,0,home,
tamucc,https://www.tamucc.edu/,0,home,
tamuk,https://www.tamuk.edu/,0,home,
tcu,https://www.tcu.edu/,0,home,
tec,https://tec.mx/,0,home,
temple,https://www.temple.edu/,0,home,
tnstate,http://www.tnstate.edu/,0,home,
tntech,https://www.tntech.edu/,0,home,
tsu,http://www.tsu.edu/,0,home,
ttu,https://www.ttu.edu/,0,home,
tufts,https://www.tufts.edu/,0,home,
tulane,https://tulane.edu/,0,home,
txstate,https://www.txstate.edu/,0,home,
ua,https://www.ua.edu/,0,home,
uab,https://www.uab.edu/home/,0,home,
uaf,https://www.uaf.edu/uaf/,0,home,
uah,https://www.uah.edu/,0,home,
uakron,https://www.uakron.edu/,0,home,
ualberta,https://www.ualberta.ca/,0,home,
ualr,https://ualr.edu/,0,home,
uam,https://www.uam.mx/,0,home,
uam_library,http://amoxcalli.izt.uam.mx/,1,home,
uam_library,http://biblioteca.xoc.uam.mx/,1,home,
uam_library,http://cosei.azc.uam.mx/,1,home,
uam_library,https://bidi.uam.mx/,1,home,
uanl,https://www.uanl.mx/,0,home,
uark,https://www.uark.edu/,0,home,
uaslp,http://www.uaslp.mx/,0,home,
ubc,https://www.ubc.ca/,0,home,
uc,https://www.uc.edu/,0,home,
ucalgary,http://www.ucalgary.ca/,0,home,
uccs,https://www.uccs.edu/,0,home,
ucdavis,https://www.ucdavis.edu/,0,home,
ucdenver,http://www.ucdenver.edu/,0,home,
ucf,https://www.ucf.edu/,0,home,
uchicago,https://www.uchicago.edu/,0,home,
uci,https://uci.edu/,0,home,
ucla,http://www.ucla.edu/,0,home,
ucmerced,https://www.ucmerced.edu/,0,home,
uconn,https://uconn.edu/,0,home,
ucr,https://www.ucr.edu/,0,home,
ucsc,https://www.ucsc.edu/,0,home,
ucsd,https://ucsd.edu/,0,home,
udayton,https://udayton.edu/,0,home,
udel,https://www.udel.edu/,0,home,
udg,http://www.udg.mx/,0,home,
ufl,http://www.ufl.edu/,0,home,
uga,https://www.uga.edu/,0,home,
uh,http://www.uh.edu/,0,home,
uic,https://www.uic.edu/,0,home,
uidaho,https://www.uidaho.edu/,0,home,
uiowa,https://uiowa.edu/,0,home,
uky,http://www.uky.edu/,0,home,
ulaval,https://www.ulaval.ca/,0,home,
umaine,https://umaine.edu/,0,home,
umanitoba,http://umanitoba.ca/,0,home,
umass,https://www.umass.edu/,0,home,
umassd,https://www.umassd.edu/,0,home,
umb,https://www.umb.edu/,0,home,
umbc,https://www.umbc.edu/,0,home,
umd,https://www.umd.edu/,0,home,
umes,https://www.umes.edu/home/,0,home,
umich,https://umich.edu/,0,home,
umkc,https://www.umkc.edu/,0,home,
uml,https://www.uml.edu/,0,home,
umn,https://twin-cities.umn.edu/,0,home,
umsl,https://www.umsl.edu/,0,home,
unam,https://www.unam.mx/,0,home,
unc,https://www.unc.edu/,0,home,
uncc,https://www.uncc.edu/,0,home,
uncfsu,https://www.uncfsu.edu/,0,home,
uncg,https://www.uncg.edu/,0,home,
uncw,https://uncw.edu/,0,home,
und,https://und.edu/,0,home,
une,https://www.une.edu/,0,home,
unh,https://www.unh.edu/,0,home,
unl,https://www.unl.edu/,0,home,
unlv,https://www.unlv.edu/,0,home,
unm,http://www.unm.edu/,0,home,
uno,https://www.uno.edu/,0,home,
unomaha,https://www.unomaha.edu/,0,home,
unr,https://www.unr.edu/,0,home,
unt,https://www.unt.edu/,0,home,
uoguelph,https://www.uoguelph.ca/,0,home,
uoregon,https://www.uoregon.edu/,0,home,
uottawa,https://www.uottawa.ca/en,0,home,
upenn,https://www.upenn.edu/,0,home,
upr,https://www.upr.edu/,0,home,
uri,https://www.uri.edu/,0,home,
usask,https://www.usask.ca/,0,home,
usc,https://www.usc.edu/,0,home,
usd,https://www.usd.edu/,0,home,
usf,https://www.usf.edu/,0,home,
usm,https://www.usm.edu/,0,home,
usu,https://www.usu.edu/,0,home,
uta,https://www.uta.edu/,0,home,
utah,https://www.utah.edu/,0,home,
utdallas,https://www.utdallas.edu/,0,home,
utep,https://www.utep.edu/,0,home,
utexas,https://www.utexas.edu/,0,home,
utk,https://www.utk.edu/,0,home,
utoledo,https://www.utoledo.edu/,0,home,
utoronto,https://www.utoronto.ca/,0,home,
utrgv,https://www.utrgv.edu/,0,home,
utsa,https://www.utsa.edu/,0,home,
utulsa,https://utulsa.edu/,0,home,
uvm,https://www.uvm.edu/,0,home,
uwaterloo,https://uwaterloo.ca/,0,home,
uwm,https://uwm.edu/,0,home,
uwo,https://www.uwo.ca/,0,home,
uwyo,http://www.uwyo.edu/,0,home,
vanderbilt,https://www.vanderbilt.edu/,0,home,
vcu,https://vcu.edu,0,home,
vcu_library,https://guides.library.vcu.edu/,1,home,
villanova,https://www1.villanova.edu/,0,home,
virginia,http://www.virginia.edu/,0,home,
vt,https://vt.edu/,0,home,
washington,https://www.washington.edu/,0,home,
wayne,https://wayne.edu/,0,home,
wayne_library,http://lib.wayne.edu/,1,home,
wfu,https://www.wfu.edu/,0,home,
wichita,https://www.wichita.edu/,0,home,
wisc,https://www.wisc.edu/,0,home,
wm,https://www.wm.edu/,0,home,
wmich,https://wmich.edu/,0,home,
wpi,https://www.wpi.edu/,0,home,
wright,https://www.wright.edu/,0,home,
wssu,http://www.wssu.edu/,0,home,
wsu,https://wsu.edu/,0,home,
wustl,https://wustl.edu/,0,home,
wvu,https://www.wvu.edu/,0,home,
yale,https://www.yale.edu/,0,home,
yorku,https://www.yorku.ca/,0,home,
yu,https://www.yu.edu/,0,home,
albany_library,https://future.library.albany.edu/services/persons-with-disabilities,1,page_accessibility,
arizona_library,https://new.library.arizona.edu/accessibility,1,page_accessibility,
asu_library,https://lib.asu.edu/disability,1,page_accessibility,
auburn_library,https://www.lib.auburn.edu/ada/services.php,1,page_accessibility,
bc_library,https://libguides.bc.edu/accessibility,1,page_accessibility,
berkeley_library,https://www.lib.berkeley.edu/help/disability-resources,1,page_accessibility,
brown_library,https://library.brown.edu/libweb/dss.php,1,page_accessibility,
byu_library,https://lib.byu.edu/services/?categories=for-persons-with-disabilities,1,page_accessibility,
colorado_library,https://www.colorado.edu/libraries/services/accessibility-services,1,page_accessibility,
colostate_library,https://lib.colostate.edu/technology/assistive-technology/,1,page_accessibility,
columbia_library,https://library.columbia.edu/using-libraries/disability.html,1,page_accessibility,
cornell_library,https://www.library.cornell.edu/services/disability,1,page_accessibility,
dartmouth_library,https://www.library.dartmouth.edu/libraries-and-spaces/accessibility,1,page_accessibility,
duke_library,https://library.duke.edu/services/disabilities,1,page_accessibility,
emory_library,https://web.library.emory.edu/using-the-library/accessibility.html,1,page_accessibility,
fsu_library,https://www.lib.fsu.edu/accessibility,1,page_accessibility,
gatech_library,https://www.library.gatech.edu/accessibility,1,page_accessibility,
georgetown_library,https://www.library.georgetown.edu/disabilities,1,page_accessibility,
gwu_library,https://library.gwu.edu/about/facilities/disability-support/disability-support,1,page_accessibility,
harvard_library,https://library.harvard.edu/accessibility,1,page_accessibility,
hawaii_library,http://manoa.hawaii.edu/library/help/ada/,1,page_accessibility,
iastate_library,https://www.lib.iastate.edu/help-services/accessibility-services,1,page_accessibility,
illinois_library,https://guides.library.illinois.edu/usersdisabilities,1,page_accessibility,
indiana_library,https://libraries.indiana.edu/services/services-library-users-disabilities,1,page_accessibility,
jhu_library,http://ask.library.jhu.edu/faq/44617,1,page_accessibility,
kent_library,https://libguides.library.kent.edu/ada/s_r,1,page_accessibility,
ku_library,https://lib.ku.edu/services/ada,1,page_accessibility,
louisville_library,https://library.louisville.edu/ekstrom/accessibility,1,page_accessibility,
lsu_library,https://www.lib.lsu.edu/services/patrons-disabilities,1,page_accessibility,
mcgill,https://www.mcgill.ca/library/services/access,1,page_accessibility,
mcmaster_library,https://library.mcmaster.ca/spaces/las,1,page_accessibility,
miami_library,https://www.library.miami.edu/about/ada.html,1,page_accessibility,
missouri_library,https://libraryguides.missouri.edu/personswithdisabilities,1,page_accessibility,
mit_library,https://libguides.mit.edu/disabilities,1,page_accessibility,
msu_library,https://lib.msu.edu/general/accessibility/,1,page_accessibility,
ncsu_library,https://www.lib.ncsu.edu/accessibility-services,1,page_accessibility,
nd_library,https://library.nd.edu/accessibility,1,page_accessibility,
nw_library,https://www.library.northwestern.edu/visit/visitor-privileges/disability-services.html,1,page_accessibility,
nyu_library,http://library.nyu.edu/services/teaching-learning/disability-services/,1,page_accessibility,
ohio_library,https://www.ohio.edu/library/services/persons-disabilities,1,page_accessibility,
okstate_library,https://library.okstate.edu/using-the-library/access-for-persons-with-disabilities,1,page_accessibility,
osu_library,https://library.osu.edu/accessibility-resources,1,page_accessibility,
ou_library,https://libraries.ou.edu/content/services-patrons-disabilities,1,page_accessibility,
pitt_library,https://www.library.pitt.edu/persons-disabilities,1,page_accessibility,
princeton_library,https://library.princeton.edu/services/disabilities,1,page_accessibility,
psu_library,https://libraries.psu.edu/about/accessibility,1,page_accessibility,
queensu_library,https://library.queensu.ca/help-services/accessibility,1,page_accessibility,
rice_library,https://library.rice.edu/accessibility,1,page_accessibility,
rochester_library,https://www.library.rochester.edu/services/accessibility-services,1,page_accessibility,
rutgers_library,https://www.libraries.rutgers.edu/accessibility,1,page_accessibility,
sc_library,https://sc.edu/about/offices_and_divisions/university_libraries/about/locations/tcl/disability_access/index.php,1,page_accessibility,
scsb_library,https://www.library.ucsb.edu/disability-services,1,page_accessibility,
sfu_library,https://www.lib.sfu.ca/about/overview/services-you/disabled,1,page_accessibility,
siu_library,https://lib.siu.edu/services/disability-support.php,1,page_accessibility,
stonybrook_library,https://library.stonybrook.edu/services/access-services/accessibility/,1,page_accessibility,
syr_library,https://library.syr.edu/accessibility/index.php,1,page_accessibility,
tamu_library,https://library.tamu.edu/services/accessibility.html,1,page_accessibility,
temple_library,https://library.temple.edu/services/62,1,page_accessibility,
ttu_library,https://www.depts.ttu.edu/library/user-experience/disablity-resources.php,1,page_accessibility,
tulane_library,https://library.tulane.edu/services/computing-printing/Assistive-WorkStation,1,page_accessibility,
ua_library,https://www.lib.ua.edu/using-the-library/accessibility/,1,page_accessibility,
ualberta_library,https://www.library.ualberta.ca/services/accessibility-services,1,page_accessibility,
ubc_library,https://services.library.ubc.ca/facilities/disability-access-by-building/,1,page_accessibility,
uc,https://www.uc.edu/about/ucit/about/accessibility/eaccessibility-form.html,1,page_accessibility,
ucalgary_library,https://libanswers.ucalgary.ca/faq/198192,1,page_accessibility,
ucdavis_library,https://www.library.ucdavis.edu/service/services-patrons-disabilities/,1,page_accessibility,
uchicago_library,https://www.lib.uchicago.edu/research/help/infofor/accessibility/,1,page_accessibility,
uci_library,https://www.lib.uci.edu/accessibility,1,page_accessibility,
ucla_library,https://www.library.ucla.edu/use/access-privileges/disability-resources,1,page_accessibility,
ucr_library,https://library.ucr.edu/using-the-library/disability-services,1,page_accessibility,
ucsd_library,http://libraries.ucsd.edu/ask-us/persons-with-disabilities.html,1,page_accessibility,
udel_library,https://guides.lib.udel.edu/c.php?g=85328&p=548437,1,page_accessibility,
ufl_library,http://www.uflib.ufl.edu/accessibility/,1,page_accessibility,
uga_library,https://www.libs.uga.edu/accessibility,1,page_accessibility,
uh_library,https://libraries.uh.edu/services/accessibility/,1,page_accessibility,
uic_library,https://library.uic.edu/help/article/1955/use-accessibility-services,1,page_accessibility,
uiowa_library,http://www.lib.uiowa.edu/help/disabilities/,1,page_accessibility,
uky_library,http://libraries.uky.edu/Disability,1,page_accessibility,
umanitoba_library,https://libguides.lib.umanitoba.ca/accessibility,1,page_accessibility,
umass_library,https://www.library.umass.edu/services/disabilities/,1,page_accessibility,
umd_library,https://www.lib.umd.edu/services/disabilities,1,page_accessibility,
umich_library,https://www.lib.umich.edu/accessibility,1,page_accessibility,
umn_library,https://www.lib.umn.edu/services/access-lib,1,page_accessibility,
unc_library,https://library.unc.edu/services/disability-services/,1,page_accessibility,
unl_library,https://libraries.unl.edu/library-services-people-disabilities,1,page_accessibility,
unm_library,https://library.unm.edu/services/accessibility.php,1,page_accessibility,
uoguelph_library,https://www.lib.uoguelph.ca/accessibility,1,page_accessibility,
uoregon_library,https://library.uoregon.edu/library-accessibility,1,page_accessibility,
uottawa_library,https://biblio.uottawa.ca/en/services/accessibility,1,page_accessibility,
upenn_library,https://www.library.upenn.edu/about/access/accessibility,1,page_accessibility,
usask_library,https://library.usask.ca/use-the-library/services/aes-library.php,1,page_accessibility,
usc_library,https://libraries.usc.edu/accessibility-disability-services,1,page_accessibility,
utah_library,http://campusguides.lib.utah.edu/libraryaccessibility,1,page_accessibility,
utexas_library,https://www.lib.utexas.edu/about/policies/services-assistive,1,page_accessibility,
utk_library,https://www.lib.utk.edu/info/disabilities/,1,page_accessibility,
utoronto_library,https://onesearch.library.utoronto.ca/services-for-people-with-disabilities,1,page_accessibility,
uwaterloo_library,https://uwaterloo.ca/library/accessibility/,1,page_accessibility,
uwo_library,https://www.lib.uwo.ca/accessibility/index.html,1,page_accessibility,
vanderbilt_library,https://www.library.vanderbilt.edu/about/accessibility.php,1,page_accessibility,
vcu_library,https://www.library.vcu.edu/services/accessibility/,1,page_accessibility,
virginia_library,https://www.library.virginia.edu/services/accessibility-services/,1,page_accessibility,
washington_library,https://www.lib.washington.edu/services/accessibility,1,page_accessibility,
wayne_library,https://library.wayne.edu/info/accessibility/,1,page_accessibility,
wisc_library,https://www.library.wisc.edu/about/accessibility/,1,page_accessibility,
wsu_library,https://libraries.wsu.edu/accessibility,1,page_accessibility,
yale_library,https://web.library.yale.edu/services-persons-disabilities,1,page_accessibility,
yorku_library,https://www.library.yorku.ca/web/ask-services/accessibility-services/,1,page_accessibility,
tufts_library,https://www.library.tufts.edu/vet/,1,page_category,
tufts_library,https://ginnlibrary.tufts.edu/,2,page_category,
tufts_library,https://hirshlibrary.tufts.edu/,2,page_category,
uam_library,https://www.uam.mx/_serv_comunidad/bibliotecas.html,1,page_list,
aamu_library,https://alabamam.ent.sirsi.net/client/en_US/default/search/,2,search,
aamu_library,https://alabamam.ent.sirsi.net/client/en_US/default/search/results,3,search,
afit_library,https://w95020.eos-intl.net/W95020/OPAC/Search/AdvancedSearch.aspx,1,search,
aic,https://www.artic.edu/search,1,search,
aic_library,https://artic-primo.hosted.exlibrisgroup.com/primo-explore/search?vid=01ARTIC,1,search,
albany_library,https://search.library.albany.edu/discovery/search?vid=01SUNY_ALB:01SUNY_ALB,1,search,
albany_library,https://library.albany.edu/search/,1,search,
american,https://search.american.edu/s/search.html?collection=au-meta,1,search,
american_library,https://wrlc-amu.primo.exlibrisgroup.com/discovery/search?vid=01WRLC_AMU:prod,1,search,
americanantiquarian,https://www.americanantiquarian.org/addsearch-results,1,search,
americanantiquarian,https://catalog.mwa.org/vwebv/search,1,search,
amphilsoc,https://www.amphilsoc.org/search/node,1,search,
anahuac_library,https://anahuac.primo.exlibrisgroup.com/discovery/search?vid=52ANAHUAC_INST:UAMX,1,search,
apu_library,https://www.apu.edu/library/resources/databases/,1,search,
apu_library,"http://encore.apu.edu/iii/encore/plus/Home,/$Search.form.sdirect",1,search,
apu_library,http://patris.apu.edu/search/,1,search,
archives,https://search.archives.gov/search?query=test&submit=&utf8=&affiliate=national-archives,1,search,
arizona_library,https://arizona-primo.hosted.exlibrisgroup.com/primo-explore/search?vid=01UA,1,search,
astate_library,https://dbellis.library.astate.edu/vwebv/search,1,search,
astate_library,http://eds.a.ebscohost.com/eds/search/advanced?vid=0&sid=e71dd43d-b93a-4286-822f-a5a0c6fdf958%40sdc-v-sessmgr01,1,search,
astate_library,http://libguides.astate.edu/,1,search,
asu_library,https://libguides.asu.edu/,1,search,
asu_library,https://arizona-asu-primo.hosted.exlibrisgroup.com/primo-explore/search?vid=01ASU,1,search,
asurams_library,https://www.asurams.edu/search/,1,search,
asurams_library,https://galileo-usg-asu-primo.hosted.exlibrisgroup.com/primo-explore/search?vid=ASU_V1,1,search,
auburn_library,http://aubiecat.auburn.edu/,1,search,
auburn_library,http://catalog.lib.auburn.edu/,1,search,
auburn_library,http://libguides.auburn.edu/,1,search,
auburn_library,https://eds.a.ebscohost.com/,1,search,
auc_library,https://auctr.on.worldcat.org/search,1,search,
auraria_library,https://library.auraria.edu/search/site,1,search,
auraria_library,https://auraria.summon.serialssolutions.com/,1,search,
auraria_library,https://library.auraria.edu/databases,1,search,
carli,https://www.carli.illinois.edu/search/,1,search,
crl,http://catalog.crl.edu/search/,1,search,
getty,https://www.getty.edu/search/museumed/results,1,search,
getty,https://www.getty.edu/art/collection/search/,1,search,
getty,https://www.getty.edu/search/gci/,1,search,
getty,https://www.getty.edu/search/global/,1,search,
getty_library,https://search.getty.edu/gateway/search,1,search,
getty_library,https://primo.getty.edu/primo-explore/search,1,search,
pitt_library,https://www.library.pitt.edu/search/node,1,search,
pitt_library,https://pitt.libguides.com/srch.php,1,search,
pitt_library,https://pitt.summon.serialssolutions.com/search,1,search,
pitt_library,https://pittcat.pitt.edu/vwebv/search,1,search,
pitt_library,https://rt4rf9qn2y.search.serialssolutions.com/,1,search,
sil,http://collections.si.edu/search/,1,search,
stanford_library,https://searchworks.stanford.edu/catalog?f%5Bcollection_type%5D%5B%5D=Digital+Collection,1,search,
tufts_library,http://library.tufts.edu/,1,search,
tufts_library,https://www.library.tufts.edu/,1,search,
yale_library,http://findit.library.yale.edu/,1,search,
yale_library,https://britishart.yale.edu/collections/search,1,search,