_id,name,type,categories,tags,arl,ipeds
aamu,Alabama A & M University,org,college_public,hbcu,,100654
uab,"University of Alabama, Birmingham",org,college_public,"r1, uic_peer",,100663
uah,"University of Alabama, Huntsville",org,college_public,r2,,100706
ua,University of Alabama,org,college_public,"sec, r1",,100751
auburn,Auburn University,org,college_public,"sec, r1",,100858
southalabama,University of South Alabama,org,college_public,r2,,102094
uaf,"University of Alaska, Fairbanks",org,college_public,r2,,102614
asu,Arizona State University,org,college_public,"pac_12, r1",,104151
arizona,University of Arizona,org,college_public,"pac_12, r1, aau, uic_peer",,104179
nau,Northern Arizona University,org,college_public,r2,,105330
ualr,"University of Arkansas, Little Rock",org,college_public,r2,,106245
uark,University of Arkansas,org,college_public,"sec, r1",,106397
astate,Arkansas State University,org,college_public,r2,,106458
apu,Azusa Pacific University,org,college_private,r2,,109785
caltech,California Institute of Technology,org,college_private,"r1, aau",,110404
berkeley,"University of California, Berkeley",org,college_public,"pac_12, r1, aau",,110635
ucdavis,"University of California, Davis",org,college_public,"r1, aau",,110644
uci,"University of California, Irvine",org,college_public,"r1, aau, uic_peer",,110653
ucla,"University of California, Los Angeles",org,college_public,"pac_12, r1, aau, uic_peer",,110662
ucr,"University of California, Riverside",org,college_public,r1,,110671
ucsd,"University of California, San Diego",org,college_public,"r1, aau",,110680
scsb,"University of California, Santa Barbara",org,college_public,"r1, aau",,110705
ucsc,"University of California, Santa Cruz",org,college_public,"r1, aau",,110714
chapman,Chapman University,org,college_private,r2,,111948
cgu,Claremont Graduate University,org,college_private,r2,,112251
lmu,Loyola Marymount University,org,college_private,r2,,117946
sdsu,San Diego State University,org,college_public,r2,,122409
sandiego,University of San Diego,org,college_private,r2,,122436
usc,University of Southern California,org,college_private,"pac_12, r1, aau",,123961
ucdenver,"University of Colorado, Denver",org,college_public,r1,,126562
uccs,"University of Colorado, Colorado Springs",org,college_public,r2,,126580
colorado,University of Colorado,org,college_public,"pac_12, r1, aau",,126614
mines,Colorado School of Mines,org,college_public,r2,,126775
colostate,Colorado State University,org,college_public,r1,,126818
du,University of Denver,org,college_private,r2,,127060
uconn,University of Connecticut,org,college_public,"r1, uic_peer",,129020
yale,Yale University,org,college_private,"ivy_league, r1, aau",,130794
desu,Delaware State University,org,college_public,r2,,130934
udel,University of Delaware,org,college_public,r1,,130943
american,American University,org,college_private,r2,,131159
catholic,Catholic University of America,org,college_private,r2,,131283
gallaudet,Gallaudet University,org,college_private,r2,,131450
gwu,George Washington University,org,college_private,r1,,131469
georgetown,Georgetown University,org,college_private,r1,,131496
howard,Howard University,org,college_private,"hbcu, r2",,131520
ucf,University of Central Florida,org,college_public,"r1, aau",,132903
famu,Florida A & M University,org,college_public,"hbcu, r2",,133650
fau,Florida Atlantic University,org,college_public,r2,,133669
fit,Florida Institute of Technology,org,college_private,r2,,133881
fiu,Florida International University,org,college_public,r1,,133951
fsu,Florida State University,org,college_public,"acc, r1",,134097
ufl,University of Florida,org,college_public,"sec, r1, aau",,134130
miami,University of Miami,org,college_private,"acc, r1",,135726
nova,Nova Southeastern University,org,college_private,r2,,136215
usf,University of South Florida,org,college_public,"r1, uic_peer",,137351
asurams,Albany State University,org,college_public,hbcu,,138716
cau,Clark Atlanta University,org,college_private,r2,,138947
emory,Emory University,org,college_private,r1,,139658
gatech,Georgia Institute of Technology,org,college_public,"r1, aau",,139755
georgiasouthern,Georgia Southern University,org,college_public,r2,,139931
gsu,Georgia State University,org,college_public,r1,,139940
uga,University of Georgia,org,college_public,"sec, r1",,139959
mercer,Mercer University,org,college_private,r2,,140447
morehouse,Morehouse College,org,college_private,hbcu,,140553
savannahstate,Savannah State University,org,college_public,hbcu,,140960
spelman,Spelman College,org,college_private,hbcu,,141060
hawaii,University of Hawai'i,org,college_public,r1,,141574
boisestate,Boise State University,org,college_public,r2,,142115
isu,Idaho State University,org,college_public,r2,,142276
uidaho,University of Idaho,org,college_public,r2,,142285
uchicago,University of Chicago,org,college_private,r1,,144050
colum,Columbia College Chicago,org,college_private,,,144281
depaul,DePaul University,org,college_private,r2,,144740
uic,"University of Illinois, Chicago",org,college_public,r1,,145600
illinois,University of Illinois,org,college_public,"big_ten, r1, aau",,145637
iit,Illinois Institute of Technology,org,college_private,r2,,145725
illinoisstate,Illinois State University,org,college_public,r2,,145813
luc,Loyola University Chicago,org,college_private,r2,,146719
niu,Northern Illinois University,org,college_public,r2,,147703
nw,Northwestern University,org,college_private,"big_ten, r1, aau",,147767
siu,Southern Illinois University,org,college_public,r2,,149222
bsu,Ball State University,org,college_public,r2,,150136
iupui,Indiana University – Purdue University Indianapolis,org,college_public,r2,,151111
indiana,Indiana University,org,college_public,"big_ten, r1, aau",,151351
nd,University of Notre Dame,org,college_private,"big_ten, acc, r1",,152080
iastate,Iowa State University,org,college_public,"r1, aau",,153603
uiowa,University of Iowa,org,college_public,"big_ten, r1, aau",,153658
ku,University of Kansas,org,college_public,"r1, aau",,155317
k-state,Kansas State University,org,college_public,r1,,155399
wichita,Wichita State University,org,college_public,r2,,156125
uky,University of Kentucky,org,college_public,"sec, r1",,157085
louisville,University of Louisville,org,college_public,"acc, r1, uic_peer",,157289
dillard,Dillard University,org,college_private,hbcu,,158802
gram,Grambling State University,org,college_public,hbcu,,159009
lsu,Louisiana State University,org,college_public,"sec, r1",,159391
latech,Louisiana Tech University,org,college_public,r2,,159647
uno,University of New Orleans,org,college_public,r2,,159939
subr,Southern University and A & M College,org,college_public,hbcu,,160621
louisiana,"University of Louisiana, Lafayette",org,college_public,r2,,160658
tulane,Tulane University,org,college_private,"r1, aau",,160755
umaine,University of Maine,org,college_public,r2,,161253
une,University of New England,org,college_private,r2,,161457
bowiestate,Bowie State University,org,college_public,hbcu,,162007
jhu,Johns Hopkins University,org,college_private,"big_ten, r1, aau",,162928
umbc,"University of Maryland, Baltimore County",org,college_public,r2,,163268
umd,University of Maryland,org,college_public,"big_ten, r1, aau",,163286
umes,"University of Maryland, Eastern Shore",org,college_public,r2,,163338
morgan,Morgan State University,org,college_public,"hbcu, r2",,163453
bc,Boston College,org,college_private,"acc, r1",,164924
bu,Boston University,org,college_private,"r1, aau",,164988
brandeis,Brandeis University,org,college_private,"r1, aau",,165015
clarku,Clark University,org,college_private,r2,,165334
harvard,Harvard University,org,college_private,"ivy_league, r1, aau",,166027
uml,"University of Massachusetts, Lowell",org,college_public,r2,,166513
umass,University of Massachusetts,org,college_public,r1,,166629
umb,"University of Massachusetts, Boston",org,college_public,r2,,166638
mit,Massachusetts Institute of Technology,org,college_private,"r1, aau",,166683
northeastern,Northeastern University,org,college_private,r1,,167358
umassd,"University of Massachusetts, Dartmouth",org,college_public,r2,,167987
tufts,Tufts University,org,college_private,r1,,168148
wpi,Worcester Polytechnic Institute,org,college_private,r2,,168421
cmich,Central Michigan University,org,college_public,r2,,169248
emich,Eastern Michigan University,org,college_public,r2,,169798
umich,University of Michigan,org,college_public,"big_ten, r1, aau",,170976
msu,Michigan State University,org,college_public,"big_ten, r1, aau",,171100
mtu,Michigan Technological University,org,college_public,r2,,171128
oakland,Oakland University,org,college_public,r2,,171571
wayne,Wayne State University,org,college_public,r1,,172644
wmich,Western Michigan University,org,college_public,r2,,172699
umn,University of Minnesota,org,college_public,"big_ten, r1, aau",,174066
jsums,Jackson State University,org,college_public,"hbcu, r2",,175856
olemiss,University of Mississippi,org,college_public,"sec, r1",,176017
msstate,Mississippi State University,org,college_public,"sec, r1",,176080
usm,University of Southern Mississippi,org,college_public,r1,,176372
missouri,University of Missouri,org,college_public,"sec, r1, aau",,178396
umkc,"University of Missouri, Kansas City",org,college_public,r2,,178402
mst,Missouri University of Science and Technology,org,college_public,r2,,178411
umsl,"University of Missouri, St. Louis",org,college_public,r2,,178420
slu,Saint Louis University,org,college_private,r2,,179159
wustl,Washington University,org,college_private,"r1, aau",,179867
montana,Montana State University,org,college_public,r1,,180461
unomaha,University of Nebraska at Omaha,org,college_public,r2,,181394
unl,University of Nebraska,org,college_public,"big_ten, r1",,181464
unlv,"University of Nevada, Las Vegas",org,college_public,r1,,182281
unr,"University of Nevada, Reno",org,college_public,r1,,182290
dartmouth,Dartmouth College,org,college_private,"ivy_league, r1, aau",,182670
unh,University of New Hampshire,org,college_public,r1,,183044
rowan,Rowan University,org,college_public,r2,,184782
montclair,Montclair State University,org,college_public,r2,,185590
njit,New Jersey Institute of Technology,org,college_public,r1,,185828
princeton,Princeton University,org,college_private,"ivy_league, r1, aau",,186131
camden,"Rutgers University, Camden",org,college_public,r2,,186371
rutgers,Rutgers University,org,college_public,"big_ten, r1, aau, uic_peer",,186380
newark,"Rutgers University, Newark",org,college_public,r2,,186399
shu,Seton Hall University,org,college_private,r2,,186584
stevens,Stevens Institute of Technology,org,college_private,r2,,186867
unm,University of New Mexico,org,college_public,r1,,187985
nmsu,New Mexico State University,org,college_public,r2,,188030
clarkson,Clarkson University,org,college_private,r2,,190044
columbia,Columbia University,org,college_private,"ivy_league, r1, aau",,190150
cornell,Cornell University,org,college_private,"ivy_league, r1, aau",,190415
cuny_ccny,City College of New York,org,college_public,r2,,190567
cuny_gc,"City University of New York, Graduate Center",org,college_public,r1,,190576
fordham,Fordham University,org,college_private,r2,,191241
newschool,New School,org,college_private,r2,,193654
nyu,New York University,org,college_private,"r1, aau",,193900
rpi,Rensselaer Polytechnic Institute,org,college_private,r1,,194824
rit,Rochester Institute of Technology,org,college_private,r2,,195003
rochester,University of Rochester,org,college_private,"r1, aau",,195030
rockefeller,Rockefeller University,org,college_private,r2,,195049
albany,University at Albany,org,college_public,,,196060
binghamton,Binghamton University,org,college_public,r1,,196079
buffalo,University at Buffalo,org,college_public,"r1, aau, uic_peer",,196088
stonybrook,Stony Brook University,org,college_public,"r1, aau",,196097
esf,SUNY College of Environmental Science and Forestry,org,college_public,r2,,196103
syr,Syracuse University,org,college_private,"acc, r1",,196413
columbia_tc,Teachers College at Columbia University,org,college_private,r2,,196468
yu,Yeshiva University,org,college_private,r2,,197708
duke,Duke University,org,college_private,"acc, r1",,198419
ecu,East Carolina University,org,college_public,r2,,198464
uncfsu,Fayetteville State University,org,college_public,hbcu,,198543
ncat,North Carolina A & T State University,org,college_public,"hbcu, r2",,199102
unc,University of North Carolina,org,college_public,"acc, r1, aau",,199120
uncc,"University of North Carolina, Charlotte",org,college_public,r2,,199139
uncg,"University of North Carolina, Greensboro",org,college_public,r2,,199148
nccu,North Carolina Central University,org,college_public,hbcu,,199157
ncsu,North Carolina State University,org,college_public,"acc, r1",,199193
uncw,"University of North Carolina, Wilmington",org,college_public,r2,,199218
wfu,Wake Forest University,org,college_private,"acc, r2",,199847
wssu,Winston-Salem State University,org,college_public,hbcu,,199999
und,University of North Dakota,org,college_public,r2,,200280
ndsu,North Dakota State University,org,college_public,r2,,200332
afit,Air Force Institute of Technology Graduate School of Engineering & Management,org,college_public,r2,,200697
uakron,University of Akron,org,college_public,r2,,200800
bgsu,Bowling Green State University,org,college_public,r2,,201441
case,Case Western Reserve University,org,college_private,"r1, aau",,201645
uc,University of Cincinnati,org,college_public,"r1, uic_peer",,201885
csuohio,Cleveland State University,org,college_public,r2,,202134
udayton,University of Dayton,org,college_private,r2,,202480
kent,Kent State University,org,college_public,r2,,203517
miamioh,Miami University,org,college_private,r2,,204024
osu,Ohio State University,org,college_public,"big_ten, r1, aau",,204796
ohio,Ohio University,org,college_public,r2,,204857
utoledo,University of Toledo,org,college_public,r2,,206084
wright,Wright State University,org,college_public,r2,,206604
okstate,Oklahoma State University,org,college_public,r1,,207388
ou,University of Oklahoma,org,college_public,r1,,207500
utulsa,University of Tulsa,org,college_private,r2,,207971
oregonstate,Oregon State University,org,college_public,"pac_12, r1",,209542
uoregon,University of Oregon,org,college_public,"pac_12, r1, aau",,209551
pdx,Portland State University,org,college_public,r2,,209807
cmu,Carnegie Mellon University,org,college_private,"r1, aau",,211440
drexel,Drexel University,org,college_private,r1,,212054
duq,Duquesne University,org,college_private,r2,,212106
lehigh,Lehigh University,org,college_private,r2,,213543
psu,Pennsylvania State University,org,college_public,"big_ten, r1, aau",,214777
upenn,University of Pennsylvania,org,college_private,"ivy_league, r1, aau",,215062
pitt,University of Pittsburgh,org,college_public,"acc, r1, aau",,215293
temple,Temple University,org,college_public,r1,,216339
jefferson,Thomas Jefferson University,org,college_private,r2,,216366
villanova,Villanova University,org,college_private,r2,,216597
brown,Brown University,org,college_private,"ivy_league, r1, aau",,217156
uri,University of Rhode Island,org,college_public,r2,,217484
clemson,Clemson University,org,college_public,"acc, r1",,217882
sc,University of South Carolina,org,college_public,"sec, r1",,218663
sdstate,South Dakota State University,org,college_public,r2,,219356
usd,University of South Dakota,org,college_public,r2,,219471
etsu,East Tennessee State University,org,college_public,r2,,220075
memphis,University of Memphis,org,college_public,r2,,220862
utk,University of Tennessee,org,college_public,"sec, r1",,221759
tnstate,Tennessee State University,org,college_public,"hbcu, r2",,221838
tntech,Tennessee Technological University,org,college_public,r2,,221847
vanderbilt,Vanderbilt University,org,college_private,"sec, r1, aau",,221999
baylor,Baylor University,org,college_private,r2,,223232
tamucc,"Texas A&M University, Corpus Christi",org,college_public,r2,,224147
uh,University of Houston,org,college_public,r1,,225511
unt,University of North Texas,org,college_public,r1,,227216
utrgv,"University of Texas, Rio Grande Valley",org,college_public,r2,,227368
pvamu,Prairie View A & M University,org,college_public,hbcu,,227526
rice,Rice University,org,college_private,"r1, aau",,227757
smu,Southern Methodist University,org,college_private,r2,,228246
txstate,Texas State University,org,college_public,r2,,228459
tamuk,"Texas A&M University, Kingsville",org,college_public,r2,,228705
tamu,Texas A&M University,org,college_public,"sec, r1, aau",,228723
uta,"University of Texas, Arlington",org,college_public,r1,,228769
utexas,University of Texas,org,college_public,"r1, aau",,228778
utdallas,"University of Texas, Dallas",org,college_public,r1,,228787
utep,"University of Texas, El Paso",org,college_public,r1,,228796
tcu,Texas Christian University,org,college_private,r2,,228875
utsa,"University of Texas, San Antonio",org,college_public,r2,,229027
tsu,Texas Southern University,org,college_public,"hbcu, r2",,229063
ttu,Texas Tech University,org,college_public,r1,,229115
byu,Brigham Young University,org,college_private,r2,,230038
usu,Utah State University,org,college_public,r2,,230728
utah,University of Utah,org,college_public,"pac_12, r1, aau, uic_peer",,230764
uvm,University of Vermont,org,college_public,r2,,231174
wm,College of William & Mary,org,college_public,r2,,231624
gmu,George Mason University,org,college_public,r1,,232186
hamptonu,Hampton University,org,college_private,r2,,232265
nsu,Norfolk State University,org,college_public,hbcu,,232937
odu,Old Dominion University,org,college_public,r2,,232982
vt,Virginia Polytechnic Institute and State University,org,college_public,"acc, r1",,233921
vcu,Virginia Commonwealth University,org,college_public,"r1, uic_peer",,234030
virginia,University of Virginia,org,college_public,"acc, r1, aau",,234076
wsu,Washington State University,org,college_public,"pac_12, r1",,236939
washington,University of Washington,org,college_public,"pac_12, r1, aau, uic_peer",,236948
marshall,Marshall University,org,college_public,r2,,237525
wvu,West Virginia University,org,college_public,r1,,238032
marquette,Marquette University,org,college_private,r2,,239105
wisc,University of Wisconsin,org,college_public,"big_ten, r1, aau",,240444
uwm,"University of Wisconsin, Milwaukee",org,college_public,r1,,240453
uwyo,University of Wyoming,org,college_public,r2,,240727
upr,University of Puerto Rico,org,college_public,r2,,243221
stanford,Stanford University,org,college_private,"pac_12, r1, aau",,243744
purdue,Purdue University,org,college_public,"big_ten, r1, aau",,243780
ucmerced,"University of California, Merced",org,college_public,r2,,445188
asu_phoenix,"Arizona State University, Phoenix",org,college_public,r2,,448886
kennesaw,Kennesaw State University,org,college_public,r2,,486840
anahuac,Anáhuac University,org,college_private,,,
tec,Monterrey Institute of Technology and Higher Education,org,college_private,,,
uanl,Autonomous University of Nuevo León,org,college_public,,,
uaslp,Autonomous University of San Luis Potosí,org,college_public,,,
mcmaster,McMaster University,org,college_public,,,
buap,Meritorious Autonomous University of Puebla,org,college_public,,,
uam,Metropolitan Autonomous University,org,college_public,,,
unam,National Autonomous University of Mexico,org,college_public,,,
ipn,National Polytechnic Institute of Mexico ,org,college_public,,,
colpos,Postgraduate College,org,college_public,,,
queensu,Queen's University,org,college_public,,,
sfu,Simon Fraser University,org,college_public,,,
ulaval,Université Laval,org,college_public,,,
ualberta,University of Alberta,org,college_public,,,
ubc,University of British Columbia,org,college_public,,,
ucalgary,University of Calgary,org,college_public,,,
udg,University of Guadalajara,org,college_public,,,
uoguelph,University of Guelph,org,college_public,,,
umanitoba,University of Manitoba,org,college_public,,,
uottawa,University of Ottawa,org,college_public,,,
usask,University of Saskatchewan,org,college_public,,,
uwaterloo,University of Waterloo,org,college_public,,,
uwo,Western University,org,college_public,,,
yorku,York University,org,college_public,,,
mcgill,McGill University,org,college_public,aau,,
utoronto,University of Toronto,org,college_public,aau,,
auraria,Auraria Higher Education Center,org,consortium_academic,,,
cuny,City University of New York,org,consortium_academic,,,
claremont,Claremont Colleges,org,consortium_academic,,,
crl,Center for Research Libraries,org,consortium_academic,arl,9870,
alcts,Association for Library Collections & Technical Services,org,consortium_academic_library,,,
acrl,Association of College and Research Libraries,org,consortium_academic_library,,,
arl,Association of Research Libraries,org,consortium_academic_library,,,
carli,Consortium of Academic and Research Libraries in Illinois,org,consortium_academic_library,,,
gwla,Greater Western Library Alliance,org,consortium_academic_library,,,
hbculibraries,Historically Black Colleges and Universities Libraries Alliance,org,consortium_academic_library,,,
sparc,Scholarly Publishing and Academic Resources Coalition,org,consortium_academic_library,,,
afit_library,"Air Force Institute of Technology Graduate School of Engineering & Management, D'Azzo Research Library",org,library_academic,,,
aamu_library,"Alabama A & M University, J. F. Drake Memorial Learning Resources Center",org,library_academic,,,
asurams_library,Albany State University Library,org,library_academic,,,
american_library,American University Library,org,library_academic,,,
anahuac_library,Anáhuac University Library,org,library_academic,,,
savannahstate_library,"Savannah State University, Asa H. Gordon Library",org,library_academic,,,
astate_library,"Arkansas State University, Dean B. Ellis Library",org,library_academic,,,
auc_library,"Atlanta University Center, Robert W. Woodruff Library",org,library_academic,,,
auraria_library,Auraria Library,org,library_academic,,,
uanl_library,Autonomous University of Nuevo León Library,org,library_academic,,,
uaslp_library,Autonomous University of San Luis Potosí Library,org,library_academic,,,
apu_library,Azusa Pacific University Libraries,org,library_academic,,,
bsu_library,Ball State University Libraries,org,library_academic,,,
baylor_library,Baylor University Libraries,org,library_academic,,,
binghamton_library,Binghamton University Libraries,org,library_academic,,,
boisestate_library,"Boise State University, Albertsons Library",org,library_academic,,,
bowiestate_library,"Bowie State University, Thurgood Marshall Library",org,library_academic,,,
bgsu_library,Bowling Green State University Libraries,org,library_academic,,,
brandeis_library,Brandeis University Library,org,library_academic,,,
caltech_library,California Institute of Technology Library,org,library_academic,,,
cmu_library,Carnegie Mellon University Libraries,org,library_academic,,,
catholic_library,"Catholic University of America, University Libraries",org,library_academic,,,
cmich_library,Central Michigan University Libraries,org,library_academic,,,
chapman_library,"Chapman University, Leatherby Libraries",org,library_academic,,,
cuny_library,City University of New York Libraries,org,library_academic,,,
claremont_library,Claremont Colleges Library,org,library_academic,,,
clarku_library,"Clark University, Robert H. Goddard Library",org,library_academic,,,
clarkson_library,Clarkson University Libraries,org,library_academic,,,
clemson_library,Clemson University Libraries,org,library_academic,,,
csuohio_library,"Cleveland State University, Michael Schwartz Library",org,library_academic,,,
wm_library,College of William & Mary Libraries,org,library_academic,,,
mines_library,"Colorado School of MInes, Arthur Lakes Library",org,library_academic,,,
colum_library,Columbia College Chicago Library,org,library_academic,,,
desu_library,"Delaware State University, William C. Jason Library",org,library_academic,,,
depaul_library,DePaul University Libraries,org,library_academic,,,
dillard_library,"Dillard University, Will W. Alexander Library",org,library_academic,,,
drexel_library,Drexel University Libraries,org,library_academic,,,
duq_library,"Duquesne University, Gumberg Library",org,library_academic,,,
ecu_library,"East Carolina University, Joyner Library",org,library_academic,,,
etsu_library,"East Tennessee State University, Charles C. Sherrod Library",org,library_academic,,,
emich_library,"Eastern Michigan University, Halle Library",org,library_academic,,,
uncfsu_library,"Fayetteville State University, Chestnutt Library",org,library_academic,,,
famu_library,Florida A & M University Libraries,org,library_academic,,,
fau_library,Florida Atlantic University Libraries,org,library_academic,,,
fit_library,"Florida Institute of Technology, Evans Library",org,library_academic,,,
fiu_library,Florida International University Libraries,org,library_academic,,,
fordham_library,Fordham University Libraries,org,library_academic,,,
gallaudet_library,Gallaudet University Library,org,library_academic,,,
gmu_library,George Mason University Libraries,org,library_academic,,,
gatech_library,Georgia Institute of Technology Library,org,library_academic,,2950,
georgiasouthern_library,Georgia Southern University Libraries,org,library_academic,,,
gsu_library,Georgia State University Library,org,library_academic,,,
gram_library,Grambling State University Library,org,library_academic,,,
hamptonu_library,"Hampton University, William R. & Norma B. Harvey Library",org,library_academic,,,
isu_library,Idaho State University Libraries,org,library_academic,,,
iit_library,"Illinois Institute of Technology, Paul V. Galvin Library",org,library_academic,,,
illinoisstate_library,"Illinois State University, Milner Library",org,library_academic,,,
iupui_library,"Indiana University – Purdue University Indianapolis, University Library",org,library_academic,,,
jsums_library,Jackson State University Libraries,org,library_academic,,,
k-state_library,Kansas State University Libraries,org,library_academic,,,
kennesaw_library,Kennesaw State University Library System,org,library_academic,,,
lehigh_library,Lehigh University Libraries,org,library_academic,,,
latech_library,Louisiana Tech University Library,org,library_academic,,,
lmu_library,"Loyola Marymount University, William H. Hannon Library",org,library_academic,,,
luc_library,Loyola University Chicago Libraries,org,library_academic,,,
marquette_library,Marquette University Raynor Memorial Libraries,org,library_academic,,,
marshall_library,Marshall University Libraries,org,library_academic,,,
mercer_library,Mercer University Library,org,library_academic,,,
buap_library,Meritorious Autonomous University of Puebla Library,org,library_academic,,,
uam_library,Metropolitan Autonomous University Digital Library,org,library_academic,,,
mtu_library,"Michigan Technological University, J. Robert Van Pelt and John and Ruanne Opie Library",org,library_academic,,,
msstate_library,Mississippi State University Libraries,org,library_academic,,,
mst_library,"Missouri University of Science and Technology, Curtis Laws Wilson Library",org,library_academic,,,
montana_library,Montana State University Library,org,library_academic,,,
montclair_library,"Montclair State University, Harry A. Sprague Library",org,library_academic,,,
tec_library,Monterrey Institute of Technology and Higher Education Library,org,library_academic,,,
morgan_library,"Morgan State University, Earl S. Richardson Library",org,library_academic,,,
unam_library,National Autonomous University of Mexico Library,org,library_academic,,,
ipn_library,National Polytechnic Institute of Mexico Library,org,library_academic,,,
njit_library,"New Jersey Institute of Technology, Robert W. Van Houten Library",org,library_academic,,,
nmsu_library,New Mexico State University Library,org,library_academic,,,
newschool_library,New School Libraries & Archives,org,library_academic,,,
nsu_library,"Norfolk State University, Lyman Beecher Brooks Library",org,library_academic,,,
ncat_library,"North Carolina A & T State University, F. D. Bluford Library",org,library_academic,,,
nccu_library,North Carolina Central University Libraries,org,library_academic,,,
ndsu_library,North Dakota State University Libraries,org,library_academic,,,
northeastern_library,Northeastern University Library,org,library_academic,,,
nau_library,Northern Arizona University Cline Library,org,library_academic,,,
niu_library,Northern Illinois University Libraries,org,library_academic,,,
nova_library,"Nova Southeastern University, Sherman Library",org,library_academic,,,
oakland_library,Oakland University Libraries,org,library_academic,,,
odu_library,Old Dominion University Libraries,org,library_academic,,,
oregonstate_library,Oregon State University Libraries,org,library_academic,,,
pdx_library,Portland State University Library,org,library_academic,,,
colpos_library,Postgraduate College Library,org,library_academic,,,
pvamu_library,Prairie View A & M University Library,org,library_academic,,,
rpi_library,Rensselaer Polytechnic Institute Libraries,org,library_academic,,,
rit_library,Rochester Institute of Technology Library,org,library_academic,,,
rockefeller_library,"Rockefeller University, Rita & Frits Markus Library",org,library_academic,,,
rowan_library,Rowan University Libraries,org,library_academic,,,
camden_library,"Rutgers University, Camden Libraries",org,library_academic,,,
newark_library,"Rutgers University, Newark Libraries",org,library_academic,,,
slu_library,Saint Louis University Libraries,org,library_academic,,,
sdsu_library,San Diego State University Library,org,library_academic,,,
shu_library,Seton Hall University Libraries,org,library_academic,,,
sdstate_library,"South Dakota State University, Hilton M. Briggs Library",org,library_academic,,,
smu_library,Southern Methodist University Libraries,org,library_academic,,,
subr_library,"Southern University and A & M College, John B. Cade Library",org,library_academic,,,
stevens_library,"Stevens Institute of Technology, Samuel C. Williams Library",org,library_academic,,,
esf_library,SUNY College of Environmental Science and Forestry Moon Memorial Library,org,library_academic,,,
columbia_tc_library,"Teachers College at Columbia University, Gottesman Libraries",org,library_academic,,,
tnstate_library,Tennessee State University Libraries & Media Centers,org,library_academic,,,
tntech_library,Tennessee Technological University Library,org,library_academic,,,
tamucc_library,"Texas A&M University, Corpus Christi, Mary and Jeff Bell Library",org,library_academic,,,
tamuk_library,"Texas A&M University, Kingsville, Jernigan Library",org,library_academic,,,
tcu_library,Texas Christian University Library,org,library_academic,,,
tsu_library,Texas Southern University Library Learning Center,org,library_academic,,,
txstate_library,Texas State University Libraries,org,library_academic,,,
jefferson_library,Thomas Jefferson University Libraries,org,library_academic,,,
tufts_library,Tufts University Libraries,org,library_academic,,,
uakron_library,University of Akron Libraries,org,library_academic,,,
uab_library,University of Alabama at Birmingham Libraries,org,library_academic,,,
uah_library,University of Alabama in Huntsville Library,org,library_academic,,,
uaf_library,"University of Alaska Fairbanks, Elmer E. Rasmuson Library",org,library_academic,,,
uark_library,University of Arkansas Libraries,org,library_academic,,,
ualr_library,"University of Arkansas, Little Rock, Ottenheimer Library",org,library_academic,,,
ucmerced_library,"University of California, Merced Library",org,library_academic,,,
ucsc_library,"University of California, Santa Cruz, University Library",org,library_academic,,,
ucf_library,University of Central Florida Libraries,org,library_academic,,,
uccs_library,"University of Colorado, Colorado Springs, Kraemer Family Library",org,library_academic,,,
udayton_library,University of Dayton Libraries,org,library_academic,,,
du_library,"University of Denver, University Libraries",org,library_academic,,,
udg_library,University of Guadalajara Digital Library,org,library_academic,,,
uidaho_library,University of Idaho Library,org,library_academic,,,
louisiana_library,"University of Louisiana, Lafayette, Edith Garland Dupré Library",org,library_academic,,,
umaine_library,"University of Maine, Raymond H. Fogler Library",org,library_academic,,,
umbc_library,"University of Maryland, Baltimore County, Albin O. Kuhn Library & Gallery",org,library_academic,,,
umes_library,"University of Maryland, Eastern Shore, Frederick Douglass Library",org,library_academic,,,
umb_library,"University of Massachusetts, Boston, Healey Library",org,library_academic,,,
umassd_library,"University of Massachusetts, Dartmouth, Claire T. Carney University Library",org,library_academic,,,
uml_library,"University of Massachusetts, Lowell Library",org,library_academic,,,
memphis_library,"University of Memphis, University Libraries",org,library_academic,,,
miami_library,University of Miami Libraries,org,library_academic,,,
olemiss_library,University of Mississippi Libraries,org,library_academic,,,
umkc_library,"University of Missouri, Kansas City Libraries",org,library_academic,,,
umsl_library,"University of Missouri, St. Louis, University Libraries",org,library_academic,,,
unomaha_library,"University of Nebraska at Omaha, Criss Library",org,library_academic,,,
unlv_library,"University of Nevada, Las Vegas, University Library",org,library_academic,,,
unr_library,"University of Nevada, Reno Library",org,library_academic,,,
une_library,University of New England Library Services,org,library_academic,,,
unh_library,University of New Hampshire Library,org,library_academic,,,
uno_library,"University of New Orleans, Earl K. Long Library",org,library_academic,,,
uncc_library,"University of North Carolina, Charlotte, J. Murrey Atkins Library",org,library_academic,,,
uncg_library,"University of North Carolina, Greensboro, University Libraries",org,library_academic,,,
uncw_library,"University of North Carolina, Wilmington, William Madison Randall Library",org,library_academic,,,
und_library,"University of North Dakota, Chester Fritz Library",org,library_academic,,,
unt_library,University of North Texas University Libraries,org,library_academic,,,
upr_library,University of Puerto Rico Library,org,library_academic,,,
uri_library,"University of Rhode Island, University Libraries",org,library_academic,,,
sandiego_library,"University of San Diego, Copley Library",org,library_academic,,,
southalabama_library,University of South Alabama Libraries,org,library_academic,,,
usd_library,"University of South Dakota, University Libraries",org,library_academic,,,
usf_library,University of South Florida Libraries,org,library_academic,,,
usm_library,"University of Southern Mississippi, University Libraries",org,library_academic,,,
uta_library,"University of Texas, Arlington, Libraries",org,library_academic,,,
utdallas_library,"University of Texas, Dallas, Library",org,library_academic,,,
utep_library,"University of Texas, El Paso, Library",org,library_academic,,,
utrgv_library,"University of Texas, Rio Grande Valley, University Library",org,library_academic,,,
utsa_library,"University of Texas, San Antonio, Libraries",org,library_academic,,,
utoledo_library,"University of Toledo, University Libraries",org,library_academic,,,
utulsa_library,University of Tulsa Libraries,org,library_academic,,,
uvm_library,"University of Vermont, Howe Library",org,library_academic,,,
uwm_library,"University of Wisconsin, Milwaukee Libraries",org,library_academic,,,
uwyo_library,University of Wyoming Libraries,org,library_academic,,,
usu_library,Utah State University Libraries,org,library_academic,,,
villanova_library,"Villanova University, Falvey Memorial Library",org,library_academic,,,
wfu_library,"Wake Forest University, Z. Smith Reynolds Library",org,library_academic,,,
wvu_library,West Virginia University Libraries,org,library_academic,,,
wmich_library,Western Michigan University Libraries,org,library_academic,,,
wichita_library,Wichita State University Libraries,org,library_academic,,,
wssu_library,"Winston-Salem State University, C.G. O'Kelly Library",org,library_academic,,,
wpi_library,"Worcester Polytechnic Institute, George C. Gordon Library",org,library_academic,,,
wright_library,Wright State University Libraries,org,library_academic,,,
yu_library,Yeshiva University Libraries,org,library_academic,,,
asu_library,Arizona State University Library,org,library_academic,arl,400,
auburn_library,Auburn University Libraries,org,library_academic,arl,440,
bc_library,Boston College Libraries,org,library_academic,arl,550,
bu_library,Boston University Libraries,org,library_academic,arl,500,
byu_library,"Brigham Young University, Harold B. Lee Library",org,library_academic,arl,600,
brown_library,Brown University Library,org,library_academic,arl,800,
case_library,"Case Western Reserve University, Kelvin Smith Library",org,library_academic,arl,1500,
colostate_library,Colorado State University Libraries,org,library_academic,arl,1900,
columbia_library,Columbia University Libraries,org,library_academic,arl,2000,
cornell_library,Cornell University Library,org,library_academic,arl,2200,
dartmouth_library,Dartmouth College Library,org,library_academic,arl,2300,
duke_library,Duke University Libraries,org,library_academic,arl,2400,
emory_library,Emory University Libraries,org,library_academic,arl,2500,
fsu_library,Florida State University Libraries,org,library_academic,arl,2700,
gwu_library,George Washington University Libraries,org,library_academic,arl,2750,
georgetown_library,Georgetown University Library,org,library_academic,arl,2800,
harvard_library,Harvard University Library,org,library_academic,arl,3100,
howard_library,Howard University Libraries,org,library_academic,arl,3400,
indiana_library,Indiana University Libraries,org,library_academic,arl,3600,
iastate_library,Iowa State University Library,org,library_academic,arl,3800,
jhu_library,"Johns Hopkins University, Sheridan Libraries",org,library_academic,arl,3900,
kent_library,Kent State University Libraries,org,library_academic,arl,4200,
ulaval_library,Laval University Library,org,library_academic,arl,4350,
lsu_library,Louisiana State University Libraries,org,library_academic,arl,4400,
mit_library,Massachusetts Institute of Technology Libraries,org,library_academic,arl,4900,
mcgill_library,McGill University Library,org,library_academic,arl,4500,
mcmaster_library,McMaster University Libraries,org,library_academic,arl,4600,
miamioh_library,Miami University Libraries,org,library_academic,arl,5000,
msu_library,Michigan State University Libraries,org,library_academic,arl,5200,
nyu_library,"New York University, Division of Libraries",org,library_academic,arl,5700,
ncsu_library,North Carolina State University Libraries,org,library_academic,arl,5850,
nw_library,Northwestern University Libraries,org,library_academic,arl,5900,
osu_library,Ohio State University Libraries,org,library_academic,arl,6100,
ohio_library,Ohio University Libraries,org,library_academic,arl,6050,
okstate_library,Oklahoma State University Library,org,library_academic,arl,6300,
psu_library,Pennsylvania State University Libraries,org,library_academic,arl,6600,
princeton_library,Princeton University Library,org,library_academic,arl,6800,
purdue_library,Purdue University Libraries,org,library_academic,arl,6900,
queensu_library,Queen's University Library,org,library_academic,arl,7000,
rice_library,"Rice University, Fondren Library",org,library_academic,arl,7100,
rutgers_library,Rutgers University Libraries,org,library_academic,arl,7300,
sfu_library,Simon Fraser University Library,org,library_academic,arl,7390,
siu_library,"Southern Illinois University, Morris Library",org,library_academic,arl,7600,
stanford_library,Stanford University Libraries,org,library_academic,arl,7700,
stonybrook_library,Stony Brook University Libraries,org,library_academic,arl,8000,
syr_library,Syracuse University Libraries,org,library_academic,arl,8100,
temple_library,Temple University Libraries,org,library_academic,arl,8200,
tamu_library,Texas A&M University Libraries,org,library_academic,arl,8500,
ttu_library,"Texas Tech University, University Libraries",org,library_academic,arl,8550,
tulane_library,"Tulane University, Howard Tilton Memorial Library",org,library_academic,arl,8700,
albany_library,"University at Albany, University Libraries",org,library_academic,arl,7800,
buffalo_library,"University at Buffalo, University Libraries",org,library_academic,arl,7900,
ua_library,University of Alabama Libraries,org,library_academic,arl,100,
ualberta_library,University of Alberta Libraries,org,library_academic,arl,200,
arizona_library,"University of Arizona, University Libraries",org,library_academic,arl,300,
ubc_library,University of British Columbia Library,org,library_academic,arl,700,
ucalgary_library,University of Calgary Libraries and Cultural Resources,org,library_academic,arl,860,
berkeley_library,"University of California, Berkeley Library",org,library_academic,arl,900,
ucdavis_library,"University of California, Davis University Library",org,library_academic,arl,1000,
uci_library,"University of California, Irvine Libraries",org,library_academic,arl,1050,
ucla_library,"University of California, Los Angeles Library",org,library_academic,arl,1100,
ucr_library,"University of California, Riverside Library",org,library_academic,arl,1200,
ucsd_library,"University of California, San Diego Library",org,library_academic,arl,1300,
scsb_library,"University of California, Santa Barbara Library",org,library_academic,arl,1400,
uchicago_library,University of Chicago Library,org,library_academic,arl,1600,
uc_library,University of Cincinnati Libraries,org,library_academic,arl,1700,
colorado_library,"University of Colorado, University Libraries",org,library_academic,arl,1800,
uconn_library,University of Connecticut Library,org,library_academic,arl,2100,
udel_library,"University of Delaware Library, Museums & Press",org,library_academic,arl,2350,
ufl_library,"University of Florida, George A. Smathers Libraries",org,library_academic,arl,2600,
uga_library,University of Georgia Libraries,org,library_academic,arl,2900,
uoguelph_library,University of Guelph Library,org,library_academic,arl,3000,
hawaii_library,University of Hawai'i Library,org,library_academic,arl,3200,
uh_library,University of Houston Libraries,org,library_academic,arl,3300,
illinois_library,"University of Illinois, University Library",org,library_academic,arl,3500,
uiowa_library,University of Iowa Libraries,org,library_academic,arl,3700,
ku_library,University of Kansas Libraries,org,library_academic,arl,4100,
uky_library,University of Kentucky Libraries,org,library_academic,arl,4300,
louisville_library,University of Louisville Libraries,org,library_academic,arl,4420,
umanitoba_library,University of Manitoba Libraries,org,library_academic,arl,4650,
umd_library,University of Maryland Libraries,org,library_academic,arl,4700,
umass_library,University of Massachusetts Libraries,org,library_academic,arl,4800,
umich_library,University of Michigan Library,org,library_academic,arl,5100,
umn_library,University of Minnesota Libraries,org,library_academic,arl,5300,
missouri_library,University of Missouri Libraries,org,library_academic,arl,5400,
unl_library,University of Nebraska Libraries,org,library_academic,arl,5500,
unm_library,University of New Mexico Libraries,org,library_academic,arl,5600,
unc_library,University of North Carolina Libraries,org,library_academic,arl,5800,
nd_library,"University of Notre Dame, Hesburgh Libraries",org,library_academic,arl,6000,
ou_library,University of Oklahoma Libraries,org,library_academic,arl,6200,
uoregon_library,University of Oregon Libraries,org,library_academic,arl,6400,
uottawa_library,University of Ottawa Library,org,library_academic,arl,6430,
upenn_library,University of Pennsylvania Libraries,org,library_academic,arl,6500,
pitt_library,"University of Pittsburgh, University Library System",org,library_academic,arl,6700,
rochester_library,"University of Rochester, River Campus Libraries",org,library_academic,arl,7200,
usask_library,University of Saskatchewan Library,org,library_academic,arl,7370,
sc_library,"University of South Carolina, University Libraries",org,library_academic,arl,7400,
usc_library,University of Southern California Libraries,org,library_academic,arl,7500,
utk_library,"University of Tennessee, University Libraries",org,library_academic,arl,8300,
utexas_library,University of Texas Libraries,org,library_academic,arl,8400,
utoronto_library,University of Toronto Libraries,org,library_academic,arl,8600,
utah_library,"University of Utah, J. Willard Marriott Library",org,library_academic,arl,8800,
virginia_library,University of Virginia Library,org,library_academic,arl,8900,
washington_library,"University of Washington, University Libraries",org,library_academic,arl,9100,
uwaterloo_library,University of Waterloo Library,org,library_academic,arl,9350,
wisc_library,University of Wisconsin Library,org,library_academic,arl,9600,
vanderbilt_library,"Vanderbilt University, Jean and Alexander Heard Libraries",org,library_academic,arl,8850,
vcu_library,Virginia Commonwealth University Libraries,org,library_academic,arl,8950,
vt_library,Virginia Polytechnic Institute and State University Libraries,org,library_academic,arl,9000,
wsu_library,Washington State University Libraries,org,library_academic,arl,9200,
wustl_library,Washington University Libraries,org,library_academic,arl,9300,
wayne_library,Wayne State University Libraries,org,library_academic,arl,9400,
uwo_library,Western University Libraries,org,library_academic,arl,9500,
yale_library,Yale University Libraries,org,library_academic,arl,9700,
yorku_library,York University Libraries,org,library_academic,arl,9800,
uic_library,"University of Illinois, Chicago Library",org,library_academic,"arl, carli, sparc, alcts, acrl, gwla",3490,
americanantiquarian,American Antiquarian Society,org,library_independent,irla,,
amphilsoc,American Philosophical Society,org,library_independent,irla,,
cca,Canadian Centre for Architecture,org,library_independent,irla,,
hab,Herzog August Library,org,library_independent,irla,,
lindahall,"Linda Hall Library of Science, Engineering & Technology",org,library_independent,irla,,
masshist,Massachusetts Historical Society,org,library_independent,irla,,
folger,The Folger Shakespeare Library,org,library_independent,irla,,
hagley,The Hagley Museum and Library,org,library_independent,irla,,
hsp,The Historical Society of Pennsylvania,org,library_independent,irla,,
huntington,"The Huntington Library, Art Collections, and Botanical Gardens",org,library_independent,irla,,
jcbl,The John Carter Brown Library,org,library_independent,irla,,
librarycompany,The Library Company of Philadelphia,org,library_independent,irla,,
morganlibrary,The Morgan Library & Museum,org,library_independent,irla,,
nyam,The New York Academy of Medicine,org,library_independent,irla,,
nyhistory,The New-York Historical Society,org,library_independent,irla,,
newberry,The Newberry Library,org,library_independent,irla,,
vahistorical,The Virginia Historical Society,org,library_independent,irla,,
winterthur,"Winterthur Museum, Garden & Library",org,library_independent,irla,,
aic_library,"The Art Institute of Chicago, Ryerson and Burnham Libraries",org,library_museum,,,
metmuseum_library,The Metropolitan Museum of Art Libraries and Research Centers,org,library_museum,,,
moma_library,The Museum of Modern Art Library,org,library_museum,,,
getty_library,The Getty Research Library,org,library_museum,irla,,
acpl,Allen County Public Library,org,library_public,,,
anchoragelibrary,Anchorage Public Library,org,library_public,,,
afpls,Atlanta-Fulton Public Library,org,library_public,,,
bplonline,Birmingham Public Library,org,library_public,,,
bklynlibrary,Brooklyn Public Library,org,library_public,,,
broward_library,Broward County Library,org,library_public,,,
ca_library,California State Library,org,library_public,,,
chipublib,Chicago Public Library,org,library_public,,,
cpl,Cleveland Public Library,org,library_public,,,
cuyahogalibrary,Cuyahoga County Public Library,org,library_public,,,
dallas_library,Dallas Public Library,org,library_public,,,
daytonmetrolibrary,Dayton Metro Library,org,library_public,,,
detroitpubliclibrary,Detroit Public Library,org,library_public,,,
librarieshawaii,Hawaii State Public Library System,org,library_public,,,
hclib,Hennepin County Library,org,library_public,,,
houstonlibrary,Houston Public Library,org,library_public,,,
kcls,King County Library System,org,library_public,,,
lacountylibrary,LA County Library,org,library_public,,,
lvccld,Las Vegas-Clark County Library District,org,library_public,,,
lapl,Los Angeles Public Library,org,library_public,,,
mdpls,Miami-Dade Public Library System,org,library_public,,,
phoenixpubliclibrary,Phoenix Public Library,org,library_public,,,
cincinnatilibrary,Public Library of Cincinnati and Hamilton County,org,library_public,,,
queenslibrary,Queens Borough Public Library,org,library_public,,,
sfpl,San Francisco Public Library,org,library_public,,,
slpl,St. Louis Public Library,org,library_public,,,
bpl,Boston Public Library,org,library_public,arl,9850,
nypl,New York Public Library,org,library_public,"arl, irla",9950,
bac-lac,Library and Archives Canada,org,library_state,,,
tsl,Texas State Library and Archives Commission,org,library_state,,,
loc,Library of Congress,org,library_state,arl,9890,
nal,National Agricultural Library,org,library_state,arl,9910,
archives,National Archives and Records Administration,org,library_state,arl,9915,
nlm,National Library of Medicine,org,library_state,arl,9930,
nysl,New York State Library,org,library_state,arl,9960,
sil,Smithsonian Libraries,org,library_state,arl,9980,
luma,Loyola University Museum of Art,org,museum_art,,,
mcachicago,Museum of Contemporary Art,org,museum_art,,,
mocp,Museum of Contemporary Photography,org,museum_art,,,
nationalmuseumofmexicanart,National Museum of Mexican Art,org,museum_art,,,
oi,Oriental Institute,org,museum_art,,,
smartmuseum,Smart Museum of Art,org,museum_art,,,
aic,The Art Institute of Chicago,org,museum_art,,,
getty,The Getty,org,museum_art,,,
metmuseum,The Metropolitan Museum of Art,org,museum_art,,,
moma,The Museum of Modern Art,org,museum_art,,,
chicagohistory,Chicago History Museum,org,museum_humanities,,,
dusablemuseum,DuSable Museum of African American History,org,museum_humanities,,,
adlerplanetarium,Adler Planetarium,org,museum_science,,,
fieldmuseum,Field Museum,org,museum_science,,,
msichicago,Museum of Science and Industry,org,museum_science,,,
naturemuseum,Peggy Notebaert Nature Museum,org,museum_science,,,